Workbook
Name Input_Requirement_IDs: Input_Template!$A$2:$A$1000
Name Staff_Name_Dropdown: #REF!
Name Staff_Name_List: #REF!

Sheet README
A1: Sample
A2: Below are samples on how to fill up the tabs.
A3: How to use this workbook: | B3: 1) Start in Input_Template and complete one row for each class.
B4: 2) Choose from the dropdown lists. Do not type over the Staff ID cells; they fill automatically.
B5: 3) Requirement ID uses Programme-XX format, for example AAI-01. Student Group Code should be P1, P2, P3, P4, or P5.
B6: 4) In Remarks_(optional), type the same Requirement ID used in Input_Template. A red Requirement ID means it does not exist in Input_Template.
B7: 5) Do not edit the DB tabs unless you need to update the programme, module, staff, or dropdown lists.
A8: Input_Template
A9: Requirement ID | B9: Programme | C9: Year | D9: Student Group Code | E9: Module Code | F9: Class Type | G9: Duration Hours | H9: Sessions Per Week | I9: Delivery Mode | J9: Venue Type Required | K9: Staff 1 Name | L9: Staff 1 ID | M9: Staff 2 Name | N9: Staff 2 ID | O9: Staff 3 Name | P9: Staff 3 ID | Q9: Staff 4 Name | R9: Staff 4 ID
A10: AAI-01 | B10: AAI | C10: 1 | D10: P1 | E10: AAI1001 | F10: Lecture | G10: 2 | H10: 1 | I10: Face-to-face | J10: Lectorial | K10: AARON TAN | L10: G22207 | M10: AARON YEO SULUN | N10: H50949
A11: AAI-02 | B11: AAI | C11: 2 | D11: P2 | E11: AAI2002 | F11: Tutorial | G11: 2 | H11: 1 | I11: Face-to-face | J11: Seminar Room | K11: ABDUL JABBAR ABDULLAH | L11: H52030
A12: AAI-03 | B12: AAI | C12: 3 | D12: P1 | E12: AAI3008 | F12: Laboratory | G12: 2 | H12: 1 | I12: Face-to-face | J12: Computer Lab | K12: ABID ALI | L12: A101849 | M12: ABIGAIL ELIZABETH ROCHE | N12: H51758 | O12: ABROL AKSHITA | P12: A103173
A13: Dropdown sources | B13: Programme: DB_Programme | Module Code: DB_Modules | Staff Name/ID: DB_Staff | Other options: DB_Options
A15: Remarks_(optional)
A16: Requirement ID | B16: Start Week | C16: End Week | D16: Week Pattern | E16: Custom Weeks | F16: Preferred Days | G16: Avoid Days | H16: Fixed Day | I16: Fixed Start Time | J16: Fixed End Time | K16: Remarks | L16: Priority | M16: Common Module? | N16: Shared Session Group ID | O16: Combined With Programmes | P16: Remarks
A17: AAI-01 | B17: 1 | C17: 13 | D17: Weekly | F17: Tuesday,Thursday | H17: Monday | I17: 09:00 | J17: 11:00 | K17: Large cohort anchor lecture. | L17: Normal | M17: No | P17: Large cohort anchor lecture.
A18: AAI-02 | B18: 1 | C18: 13 | D18: Odd | F18: Tuesday,Thursday | G18: Friday | K18: Tutorial split; suitable for repeated group scheduling. | L18: Normal | M18: No | P18: Tutorial split; suitable for repeated group scheduling.
A19: AAI-03 | B19: 1 | C19: 13 | D19: Custom | E19: 3,6,9,12 | F19: Tuesday,Thursday | G19: Friday | K19: Custom teaching weeks for lab rotations. | L19: Normal | M19: No | P19: Custom teaching weeks for lab rotations.

Sheet Input_Template
A1: Requirement ID | B1: Programme | C1: Year | D1: Student Group Code | E1: Module Code | F1: Class Type | G1: Duration Hours | H1: Sessions Per Week | I1: Delivery Mode | J1: Venue Type Required | K1: Staff 1 Name | L1: Staff 1 ID | M1: Staff 2 Name | N1: Staff 2 ID | O1: Staff 3 Name | P1: Staff 3 ID | Q1: Staff 4 Name | R1: Staff 4 ID
A2: AAI-01 | B2: AAI | C2: 1 | D2: P1 | E2: AAI1001 | F2: Lecture | G2: 2 | H2: 1 | I2: Face-to-face | J2: Lectorial | K2: AARON TAN | L2: =IF(K2="","",IFERROR(INDEX(DB_Staff!$A:$A,MATCH(K2,DB_Staff!$B:$B,0)),"")) -> G22207 | M2: AARON YEO SULUN | N2: =IF(M2="","",IFERROR(INDEX(DB_Staff!$A:$A,MATCH(M2,DB_Staff!$B:$B,0)),"")) -> H50949 | P2: =IF(O2="","",IFERROR(INDEX(DB_Staff!$A:$A,MATCH(O2,DB_Staff!$B:$B,0)),"")) | R2: =IF(Q2="","",IFERROR(INDEX(DB_Staff!$A:$A,MATCH(Q2,DB_Staff!$B:$B,0)),""))
A3: AAI-02 | B3: AAI | C3: 2 | D3: P2 | E3: AAI2002 | F3: Tutorial | G3: 2 | H3: 1 | I3: Face-to-face | J3: Seminar Room | K3: ABDUL JABBAR ABDULLAH | L3: =IF(K3="","",IFERROR(INDEX(DB_Staff!$A:$A,MATCH(K3,DB_Staff!$B:$B,0)),"")) -> H52030 | N3: =IF(M3="","",IFERROR(INDEX(DB_Staff!$A:$A,MATCH(M3,DB_Staff!$B:$B,0)),"")) | P3: =IF(O3="","",IFERROR(INDEX(DB_Staff!$A:$A,MATCH(O3,DB_Staff!$B:$B,0)),"")) | R3: =IF(Q3="","",IFERROR(INDEX(DB_Staff!$A:$A,MATCH(Q3,DB_Staff!$B:$B,0)),""))
A4: AAI-03 | B4: AAI | C4: 3 | D4: P1 | E4: AAI3008 | F4: Laboratory | G4: 2 | H4: 1 | I4: Face-to-face | J4: Computer Lab | K4: ABID ALI | L4: =IF(K4="","",IFERROR(INDEX(DB_Staff!$A:$A,MATCH(K4,DB_Staff!$B:$B,0)),"")) -> A101849 | M4: ABIGAIL ELIZABETH ROCHE | N4: =IF(M4="","",IFERROR(INDEX(DB_Staff!$A:$A,MATCH(M4,DB_Staff!$B:$B,0)),"")) -> H51758 | O4: ABROL AKSHITA | P4: =IF(O4="","",IFERROR(INDEX(DB_Staff!$A:$A,MATCH(O4,DB_Staff!$B:$B,0)),"")) -> A103173 | R4: =IF(Q4="","",IFERROR(INDEX(DB_Staff!$A:$A,MATCH(Q4,DB_Staff!$B:$B,0)),""))
A5: AAI-04 | B5: AAI | C5: 3 | D5: P2 | E5: AAI4001 | F5: Workshop | G5: 1 | H5: 2 | I5: Hybrid | J5: Seminar Room | K5: ADRIEL YEO CI LIN | L5: =IF(K5="","",IFERROR(INDEX(DB_Staff!$A:$A,MATCH(K5,DB_Staff!$B:$B,0)),"")) -> A101516 | N5: =IF(M5="","",IFERROR(INDEX(DB_Staff!$A:$A,MATCH(M5,DB_Staff!$B:$B,0)),"")) | P5: =IF(O5="","",IFERROR(INDEX(DB_Staff!$A:$A,MATCH(O5,DB_Staff!$B:$B,0)),"")) | R5: =IF(Q5="","",IFERROR(INDEX(DB_Staff!$A:$A,MATCH(Q5,DB_Staff!$B:$B,0)),""))
A6: AAI-05 | B6: AAI | C6: 3 | D6: P1 | E6: AAI4002A | F6: Online | G6: 1 | H6: 1 | I6: Online | J6: Virtual | K6: AARON TAN | L6: =IF(K6="","",IFERROR(INDEX(DB_Staff!$A:$A,MATCH(K6,DB_Staff!$B:$B,0)),"")) -> G22207 | N6: =IF(M6="","",IFERROR(INDEX(DB_Staff!$A:$A,MATCH(M6,DB_Staff!$B:$B,0)),"")) | P6: =IF(O6="","",IFERROR(INDEX(DB_Staff!$A:$A,MATCH(O6,DB_Staff!$B:$B,0)),"")) | R6: =IF(Q6="","",IFERROR(INDEX(DB_Staff!$A:$A,MATCH(Q6,DB_Staff!$B:$B,0)),""))
A7: ACC-01 | B7: ACC | C7: 1 | D7: P1 | E7: ACC1023 | F7: Lecture | G7: 2 | H7: 1 | I7: Face-to-face | J7: Lectorial | K7: AHMAD ZUHAIRI BIN SAAT | L7: =IF(K7="","",IFERROR(INDEX(DB_Staff!$A:$A,MATCH(K7,DB_Staff!$B:$B,0)),"")) -> G22213 | M7: AISHWARIYAA RAMAKANTHAN | N7: =IF(M7="","",IFERROR(INDEX(DB_Staff!$A:$A,MATCH(M7,DB_Staff!$B:$B,0)),"")) -> H52007 | P7: =IF(O7="","",IFERROR(INDEX(DB_Staff!$A:$A,MATCH(O7,DB_Staff!$B:$B,0)),"")) | R7: =IF(Q7="","",IFERROR(INDEX(DB_Staff!$A:$A,MATCH(Q7,DB_Staff!$B:$B,0)),""))
A8: ACC-02 | B8: ACC | C8: 1 | D8: P1 | E8: ACC1024 | F8: Tutorial | G8: 2 | H8: 1 | I8: Face-to-face | J8: Seminar Room | K8: AKASHDEEP SINGH BENIWAL | L8: =IF(K8="","",IFERROR(INDEX(DB_Staff!$A:$A,MATCH(K8,DB_Staff!$B:$B,0)),"")) -> G22319 | N8: =IF(M8="","",IFERROR(INDEX(DB_Staff!$A:$A,MATCH(M8,DB_Staff!$B:$B,0)),"")) | P8: =IF(O8="","",IFERROR(INDEX(DB_Staff!$A:$A,MATCH(O8,DB_Staff!$B:$B,0)),"")) | R8: =IF(Q8="","",IFERROR(INDEX(DB_Staff!$A:$A,MATCH(Q8,DB_Staff!$B:$B,0)),""))
A9: ACC-03 | B9: ACC | C9: 1 | D9: P2 | E9: ACC1025 | F9: Laboratory | G9: 2 | H9: 1 | I9: Face-to-face | J9: Computer Lab | K9: ALAGESAN MUTHUKUMARASAMY | L9: =IF(K9="","",IFERROR(INDEX(DB_Staff!$A:$A,MATCH(K9,DB_Staff!$B:$B,0)),"")) -> A101929 | M9: ALDEN CH’NG CHUN YANG | N9: =IF(M9="","",IFERROR(INDEX(DB_Staff!$A:$A,MATCH(M9,DB_Staff!$B:$B,0)),"")) -> G22231 | O9: ALEJANDRA ACEVEDO-FANI | P9: =IF(O9="","",IFERROR(INDEX(DB_Staff!$A:$A,MATCH(O9,DB_Staff!$B:$B,0)),"")) -> G22314 | R9: =IF(Q9="","",IFERROR(INDEX(DB_Staff!$A:$A,MATCH(Q9,DB_Staff!$B:$B,0)),""))
A10: ACC-04 | B10: ACC | C10: 1 | D10: P1 | E10: ACC1026 | F10: Workshop | G10: 1 | H10: 2 | I10: Hybrid | J10: Seminar Room | K10: ALESSANDRO FERGNANI | L10: =IF(K10="","",IFERROR(INDEX(DB_Staff!$A:$A,MATCH(K10,DB_Staff!$B:$B,0)),"")) -> H51820 | N10: =IF(M10="","",IFERROR(INDEX(DB_Staff!$A:$A,MATCH(M10,DB_Staff!$B:$B,0)),"")) | P10: =IF(O10="","",IFERROR(INDEX(DB_Staff!$A:$A,MATCH(O10,DB_Staff!$B:$B,0)),"")) | R10: =IF(Q10="","",IFERROR(INDEX(DB_Staff!$A:$A,MATCH(Q10,DB_Staff!$B:$B,0)),""))
A11: ACC-05 | B11: ACC | C11: 3 | D11: P1 | E11: ACC3001A | F11: Online | G11: 1 | H11: 1 | I11: Online | J11: Virtual | K11: ALEX LEE KHUEH HOCK | L11: =IF(K11="","",IFERROR(INDEX(DB_Staff!$A:$A,MATCH(K11,DB_Staff!$B:$B,0)),"")) -> H50358 | N11: =IF(M11="","",IFERROR(INDEX(DB_Staff!$A:$A,MATCH(M11,DB_Staff!$B:$B,0)),"")) | P11: =IF(O11="","",IFERROR(INDEX(DB_Staff!$A:$A,MATCH(O11,DB_Staff!$B:$B,0)),"")) | R11: =IF(Q11="","",IFERROR(INDEX(DB_Staff!$A:$A,MATCH(Q11,DB_Staff!$B:$B,0)),""))
A12: ASE-01 | B12: ASE | C12: 1 | D12: P1 | E12: ASE1101 | F12: Lecture | G12: 2 | H12: 1 | I12: Face-to-face | J12: Lectorial | K12: ALEXANDER W. KOCH | L12: =IF(K12="","",IFERROR(INDEX(DB_Staff!$A:$A,MATCH(K12,DB_Staff!$B:$B,0)),"")) -> G13051 | M12: ALEXANDER WIRIANSKI | N12: =IF(M12="","",IFERROR(INDEX(DB_Staff!$A:$A,MATCH(M12,DB_Staff!$B:$B,0)),"")) -> A101627 | P12: =IF(O12="","",IFERROR(INDEX(DB_Staff!$A:$A,MATCH(O12,DB_Staff!$B:$B,0)),"")) | R12: =IF(Q12="","",IFERROR(INDEX(DB_Staff!$A:$A,MATCH(Q12,DB_Staff!$B:$B,0)),""))
A13: ASE-02 | B13: ASE | C13: 1 | D13: P2 | E13: ASE1201 | F13: Tutorial | G13: 2 | H13: 1 | I13: Face-to-face | J13: Seminar Room | K13: ALFRED WHANG SHANG JIN | L13: =IF(K13="","",IFERROR(INDEX(DB_Staff!$A:$A,MATCH(K13,DB_Staff!$B:$B,0)),"")) -> H51712 | N13: =IF(M13="","",IFERROR(INDEX(DB_Staff!$A:$A,MATCH(M13,DB_Staff!$B:$B,0)),"")) | P13: =IF(O13="","",IFERROR(INDEX(DB_Staff!$A:$A,MATCH(O13,DB_Staff!$B:$B,0)),"")) | R13: =IF(Q13="","",IFERROR(INDEX(DB_Staff!$A:$A,MATCH(Q13,DB_Staff!$B:$B,0)),""))
A14: ASE-03 | B14: ASE | C14: 1 | D14: P1 | E14: ASE1202 | F14: Laboratory | G14: 2 | H14: 1 | I14: Face-to-face | J14: Computer Lab | K14: ALINE TEH HOOI MING | L14: =IF(K14="","",IFERROR(INDEX(DB_Staff!$A:$A,MATCH(K14,DB_Staff!$B:$B,0)),"")) -> H52293 | M14: ALLEN CHEONG JEE MUN | N14: =IF(M14="","",IFERROR(INDEX(DB_Staff!$A:$A,MATCH(M14,DB_Staff!$B:$B,0)),"")) -> H51765 | O14: ALLISON CHING CHO HUI | P14: =IF(O14="","",IFERROR(INDEX(DB_Staff!$A:$A,MATCH(O14,DB_Staff!$B:$B,0)),"")) -> H52155 | R14: =IF(Q14="","",IFERROR(INDEX(DB_Staff!$A:$A,MATCH(Q14,DB_Staff!$B:$B,0)),""))
A15: ASE-04 | B15: ASE | C15: 2 | D15: P2 | E15: ASE2207 | F15: Workshop | G15: 1 | H15: 2 | I15: Hybrid | J15: Seminar Room | K15: ALOK PRAKASH | L15: =IF(K15="","",IFERROR(INDEX(DB_Staff!$A:$A,MATCH(K15,DB_Staff!$B:$B,0)),"")) -> H51419 | N15: =IF(M15="","",IFERROR(INDEX(DB_Staff!$A:$A,MATCH(M15,DB_Staff!$B:$B,0)),"")) | P15: =IF(O15="","",IFERROR(INDEX(DB_Staff!$A:$A,MATCH(O15,DB_Staff!$B:$B,0)),"")) | R15: =IF(Q15="","",IFERROR(INDEX(DB_Staff!$A:$A,MATCH(Q15,DB_Staff!$B:$B,0)),""))
A16: ASE-05 | B16: ASE | C16: 2 | D16: P1 | E16: ASE2210 | F16: Online | G16: 1 | H16: 1 | I16: Online | J16: Virtual | K16: ALVIN YEO HONG HEE | L16: =IF(K16="","",IFERROR(INDEX(DB_Staff!$A:$A,MATCH(K16,DB_Staff!$B:$B,0)),"")) -> G22155 | N16: =IF(M16="","",IFERROR(INDEX(DB_Staff!$A:$A,MATCH(M16,DB_Staff!$B:$B,0)),"")) | P16: =IF(O16="","",IFERROR(INDEX(DB_Staff!$A:$A,MATCH(O16,DB_Staff!$B:$B,0)),"")) | R16: =IF(Q16="","",IFERROR(INDEX(DB_Staff!$A:$A,MATCH(Q16,DB_Staff!$B:$B,0)),""))
A17: ATM-01 | B17: ATM | C17: 1 | D17: P1 | E17: ATM1104 | F17: Lecture | G17: 2 | H17: 1 | I17: Face-to-face | J17: Lectorial | K17: ALWYN LEE CHEE YUAN | L17: =IF(K17="","",IFERROR(INDEX(DB_Staff!$A:$A,MATCH(K17,DB_Staff!$B:$B,0)),"")) -> G22078 | M17: ALYSSA STEFANIE PETER | N17: =IF(M17="","",IFERROR(INDEX(DB_Staff!$A:$A,MATCH(M17,DB_Staff!$B:$B,0)),"")) -> H51855 | P17: =IF(O17="","",IFERROR(INDEX(DB_Staff!$A:$A,MATCH(O17,DB_Staff!$B:$B,0)),"")) | R17: =IF(Q17="","",IFERROR(INDEX(DB_Staff!$A:$A,MATCH(Q17,DB_Staff!$B:$B,0)),""))
A18: ATM-02 | B18: ATM | C18: 1 | D18: P1 | E18: ATM1105 | F18: Tutorial | G18: 2 | H18: 1 | I18: Face-to-face | J18: Seminar Room | K18: AMARJIT KAUR SARDUL SINGH | L18: =IF(K18="","",IFERROR(INDEX(DB_Staff!$A:$A,MATCH(K18,DB_Staff!$B:$B,0)),"")) -> H50469 | N18: =IF(M18="","",IFERROR(INDEX(DB_Staff!$A:$A,MATCH(M18,DB_Staff!$B:$B,0)),"")) | P18: =IF(O18="","",IFERROR(INDEX(DB_Staff!$A:$A,MATCH(O18,DB_Staff!$B:$B,0)),"")) | R18: =IF(Q18="","",IFERROR(INDEX(DB_Staff!$A:$A,MATCH(Q18,DB_Staff!$B:$B,0)),""))
A19: ATM-03 | B19: ATM | C19: 1 | D19: P2 | E19: ATM1106 | F19: Laboratory | G19: 2 | H19: 1 | I19: Face-to-face | J19: Computer Lab | K19: AN HUI | L19: =IF(K19="","",IFERROR(INDEX(DB_Staff!$A:$A,MATCH(K19,DB_Staff!$B:$B,0)),"")) -> A88485 | M19: ANDREAS HERKERSDORF | N19: =IF(M19="","",IFERROR(INDEX(DB_Staff!$A:$A,MATCH(M19,DB_Staff!$B:$B,0)),"")) -> G22165 | O19: ANDREAS HERMANUTZ | P19: =IF(O19="","",IFERROR(INDEX(DB_Staff!$A:$A,MATCH(O19,DB_Staff!$B:$B,0)),"")) -> G22047 | R19: =IF(Q19="","",IFERROR(INDEX(DB_Staff!$A:$A,MATCH(Q19,DB_Staff!$B:$B,0)),""))
A20: ATM-04 | B20: ATM | C20: 3 | D20: P1 | E20: ATM3100A | F20: Workshop | G20: 1 | H20: 2 | I20: Hybrid | J20: Seminar Room | K20: ANDREAS JENTYS | L20: =IF(K20="","",IFERROR(INDEX(DB_Staff!$A:$A,MATCH(K20,DB_Staff!$B:$B,0)),"")) -> G13044 | N20: =IF(M20="","",IFERROR(INDEX(DB_Staff!$A:$A,MATCH(M20,DB_Staff!$B:$B,0)),"")) | P20: =IF(O20="","",IFERROR(INDEX(DB_Staff!$A:$A,MATCH(O20,DB_Staff!$B:$B,0)),"")) | R20: =IF(Q20="","",IFERROR(INDEX(DB_Staff!$A:$A,MATCH(Q20,DB_Staff!$B:$B,0)),""))
A21: ATM-05 | B21: ATM | C21: 3 | D21: P1 | E21: ATM3100B | F21: Online | G21: 1 | H21: 1 | I21: Online | J21: Virtual | K21: ANDREW GARRARD | L21: =IF(K21="","",IFERROR(INDEX(DB_Staff!$A:$A,MATCH(K21,DB_Staff!$B:$B,0)),"")) -> G22156 | N21: =IF(M21="","",IFERROR(INDEX(DB_Staff!$A:$A,MATCH(M21,DB_Staff!$B:$B,0)),"")) | P21: =IF(O21="","",IFERROR(INDEX(DB_Staff!$A:$A,MATCH(O21,DB_Staff!$B:$B,0)),"")) | R21: =IF(Q21="","",IFERROR(INDEX(DB_Staff!$A:$A,MATCH(Q21,DB_Staff!$B:$B,0)),""))
A22: BAC-01 | B22: BAC | C22: 2 | D22: P1 | E22: BAC2001 | F22: Lecture | G22: 2 | H22: 1 | I22: Face-to-face | J22: Lectorial | K22: AARON TAN | L22: =IF(K22="","",IFERROR(INDEX(DB_Staff!$A:$A,MATCH(K22,DB_Staff!$B:$B,0)),"")) -> G22207 | M22: ANDY TAN | N22: =IF(M22="","",IFERROR(INDEX(DB_Staff!$A:$A,MATCH(M22,DB_Staff!$B:$B,0)),"")) -> G21126 | P22: =IF(O22="","",IFERROR(INDEX(DB_Staff!$A:$A,MATCH(O22,DB_Staff!$B:$B,0)),"")) | R22: =IF(Q22="","",IFERROR(INDEX(DB_Staff!$A:$A,MATCH(Q22,DB_Staff!$B:$B,0)),""))
A23: BAC-02 | B23: BAC | C23: 2 | D23: P2 | E23: BAC2002 | F23: Tutorial | G23: 2 | H23: 1 | I23: Face-to-face | J23: Seminar Room | K23: ANG HSI LUEI DAPHNE | L23: =IF(K23="","",IFERROR(INDEX(DB_Staff!$A:$A,MATCH(K23,DB_Staff!$B:$B,0)),"")) -> G13857 | N23: =IF(M23="","",IFERROR(INDEX(DB_Staff!$A:$A,MATCH(M23,DB_Staff!$B:$B,0)),"")) | P23: =IF(O23="","",IFERROR(INDEX(DB_Staff!$A:$A,MATCH(O23,DB_Staff!$B:$B,0)),"")) | R23: =IF(Q23="","",IFERROR(INDEX(DB_Staff!$A:$A,MATCH(Q23,DB_Staff!$B:$B,0)),""))
A24: BAC-03 | B24: BAC | C24: 2 | D24: P1 | E24: BAC2005 | F24: Laboratory | G24: 2 | H24: 1 | I24: Face-to-face | J24: Computer Lab | K24: ANG SENG HOCK MARTIN | L24: =IF(K24="","",IFERROR(INDEX(DB_Staff!$A:$A,MATCH(K24,DB_Staff!$B:$B,0)),"")) -> A103460 | M24: ANG SHI LING REGINE | N24: =IF(M24="","",IFERROR(INDEX(DB_Staff!$A:$A,MATCH(M24,DB_Staff!$B:$B,0)),"")) -> H52171 | O24: ANG SHIN YUH | P24: =IF(O24="","",IFERROR(INDEX(DB_Staff!$A:$A,MATCH(O24,DB_Staff!$B:$B,0)),"")) -> A103139 | R24: =IF(Q24="","",IFERROR(INDEX(DB_Staff!$A:$A,MATCH(Q24,DB_Staff!$B:$B,0)),""))
A25: BAC-04 | B25: BAC | C25: 3 | D25: P2 | E25: BAC3003A | F25: Workshop | G25: 1 | H25: 2 | I25: Hybrid | J25: Seminar Room | K25: ANG SIEW LIN AUDREY | L25: =IF(K25="","",IFERROR(INDEX(DB_Staff!$A:$A,MATCH(K25,DB_Staff!$B:$B,0)),"")) -> A102094 | N25: =IF(M25="","",IFERROR(INDEX(DB_Staff!$A:$A,MATCH(M25,DB_Staff!$B:$B,0)),"")) | P25: =IF(O25="","",IFERROR(INDEX(DB_Staff!$A:$A,MATCH(O25,DB_Staff!$B:$B,0)),"")) | R25: =IF(Q25="","",IFERROR(INDEX(DB_Staff!$A:$A,MATCH(Q25,DB_Staff!$B:$B,0)),""))
A26: BAC-05 | B26: BAC | C26: 3 | D26: P1 | E26: BAC3003B | F26: Online | G26: 1 | H26: 1 | I26: Online | J26: Virtual | K26: ANG YOU LING | L26: =IF(K26="","",IFERROR(INDEX(DB_Staff!$A:$A,MATCH(K26,DB_Staff!$B:$B,0)),"")) -> H52219 | N26: =IF(M26="","",IFERROR(INDEX(DB_Staff!$A:$A,MATCH(M26,DB_Staff!$B:$B,0)),"")) | P26: =IF(O26="","",IFERROR(INDEX(DB_Staff!$A:$A,MATCH(O26,DB_Staff!$B:$B,0)),"")) | R26: =IF(Q26="","",IFERROR(INDEX(DB_Staff!$A:$A,MATCH(Q26,DB_Staff!$B:$B,0)),""))
A27: CEG-01 | B27: CEG | C27: 1 | D27: P1 | E27: CEG1007 | F27: Lecture | G27: 2 | H27: 1 | I27: Face-to-face | J27: Lectorial | K27: ANGELA GOH TSE MIN | L27: =IF(K27="","",IFERROR(INDEX(DB_Staff!$A:$A,MATCH(K27,DB_Staff!$B:$B,0)),"")) -> A102296 | M27: ANGELIA TEO KWEE GAIK | N27: =IF(M27="","",IFERROR(INDEX(DB_Staff!$A:$A,MATCH(M27,DB_Staff!$B:$B,0)),"")) -> H52004 | P27: =IF(O27="","",IFERROR(INDEX(DB_Staff!$A:$A,MATCH(O27,DB_Staff!$B:$B,0)),"")) | R27: =IF(Q27="","",IFERROR(INDEX(DB_Staff!$A:$A,MATCH(Q27,DB_Staff!$B:$B,0)),""))
A28: CEG-02 | B28: CEG | C28: 1 | D28: P1 | E28: CEG1009 | F28: Tutorial | G28: 2 | H28: 1 | I28: Face-to-face | J28: Seminar Room | K28: ANITA KRISHNAN-SHANKAR | L28: =IF(K28="","",IFERROR(INDEX(DB_Staff!$A:$A,MATCH(K28,DB_Staff!$B:$B,0)),"")) -> H52313 | N28: =IF(M28="","",IFERROR(INDEX(DB_Staff!$A:$A,MATCH(M28,DB_Staff!$B:$B,0)),"")) | P28: =IF(O28="","",IFERROR(INDEX(DB_Staff!$A:$A,MATCH(O28,DB_Staff!$B:$B,0)),"")) | R28: =IF(Q28="","",IFERROR(INDEX(DB_Staff!$A:$A,MATCH(Q28,DB_Staff!$B:$B,0)),""))
A29: CEG-03 | B29: CEG | C29: 2 | D29: P2 | E29: CEG2005 | F29: Laboratory | G29: 2 | H29: 1 | I29: Face-to-face | J29: Computer Lab | K29: ANNA JANINA BRDULAK | L29: =IF(K29="","",IFERROR(INDEX(DB_Staff!$A:$A,MATCH(K29,DB_Staff!$B:$B,0)),"")) -> H52321 | M29: ANNA KONOPKA | N29: =IF(M29="","",IFERROR(INDEX(DB_Staff!$A:$A,MATCH(M29,DB_Staff!$B:$B,0)),"")) -> G22303 | O29: ANNALENA DANIELS | P29: =IF(O29="","",IFERROR(INDEX(DB_Staff!$A:$A,MATCH(O29,DB_Staff!$B:$B,0)),"")) -> G22336 | R29: =IF(Q29="","",IFERROR(INDEX(DB_Staff!$A:$A,MATCH(Q29,DB_Staff!$B:$B,0)),""))
A30: CEG-04 | B30: CEG | C30: 2 | D30: P1 | E30: CEG2006 | F30: Workshop | G30: 1 | H30: 2 | I30: Hybrid | J30: Seminar Room | K30: ANNE NIEDERDRANK | L30: =IF(K30="","",IFERROR(INDEX(DB_Staff!$A:$A,MATCH(K30,DB_Staff!$B:$B,0)),"")) -> G22224 | N30: =IF(M30="","",IFERROR(INDEX(DB_Staff!$A:$A,MATCH(M30,DB_Staff!$B:$B,0)),"")) | P30: =IF(O30="","",IFERROR(INDEX(DB_Staff!$A:$A,MATCH(O30,DB_Staff!$B:$B,0)),"")) | R30: =IF(Q30="","",IFERROR(INDEX(DB_Staff!$A:$A,MATCH(Q30,DB_Staff!$B:$B,0)),""))
A31: CEG-05 | B31: CEG | C31: 2 | D31: P1 | E31: CEG2009 | F31: Online | G31: 1 | H31: 1 | I31: Online | J31: Virtual | K31: ANNE-SOPHIE DODANTHUN | L31: =IF(K31="","",IFERROR(INDEX(DB_Staff!$A:$A,MATCH(K31,DB_Staff!$B:$B,0)),"")) -> H51862 | N31: =IF(M31="","",IFERROR(INDEX(DB_Staff!$A:$A,MATCH(M31,DB_Staff!$B:$B,0)),"")) | P31: =IF(O31="","",IFERROR(INDEX(DB_Staff!$A:$A,MATCH(O31,DB_Staff!$B:$B,0)),"")) | R31: =IF(Q31="","",IFERROR(INDEX(DB_Staff!$A:$A,MATCH(Q31,DB_Staff!$B:$B,0)),""))
A32: CVE-01 | B32: CVE | C32: 1 | D32: P1 | E32: CVE1222 | F32: Lecture | G32: 2 | H32: 1 | I32: Face-to-face | J32: Lectorial | K32: ARADKAR RUJUTA | L32: =IF(K32="","",IFERROR(INDEX(DB_Staff!$A:$A,MATCH(K32,DB_Staff!$B:$B,0)),"")) -> G22184 | M32: ARCHITA BISWAS | N32: =IF(M32="","",IFERROR(INDEX(DB_Staff!$A:$A,MATCH(M32,DB_Staff!$B:$B,0)),"")) -> A102956 | P32: =IF(O32="","",IFERROR(INDEX(DB_Staff!$A:$A,MATCH(O32,DB_Staff!$B:$B,0)),"")) | R32: =IF(Q32="","",IFERROR(INDEX(DB_Staff!$A:$A,MATCH(Q32,DB_Staff!$B:$B,0)),""))
A33: CVE-02 | B33: CVE | C33: 1 | D33: P2 | E33: CVE1242 | F33: Tutorial | G33: 2 | H33: 1 | I33: Face-to-face | J33: Seminar Room | K33: ARNOLD CHRISTOPHER JOHN | L33: =IF(K33="","",IFERROR(INDEX(DB_Staff!$A:$A,MATCH(K33,DB_Staff!$B:$B,0)),"")) -> A103277 | N33: =IF(M33="","",IFERROR(INDEX(DB_Staff!$A:$A,MATCH(M33,DB_Staff!$B:$B,0)),"")) | P33: =IF(O33="","",IFERROR(INDEX(DB_Staff!$A:$A,MATCH(O33,DB_Staff!$B:$B,0)),"")) | R33: =IF(Q33="","",IFERROR(INDEX(DB_Staff!$A:$A,MATCH(Q33,DB_Staff!$B:$B,0)),""))
A34: CVE-03 | B34: CVE | C34: 1 | D34: P1 | E34: CVE1261 | F34: Laboratory | G34: 2 | H34: 1 | I34: Face-to-face | J34: Computer Lab | K34: ASIF USMANI | L34: =IF(K34="","",IFERROR(INDEX(DB_Staff!$A:$A,MATCH(K34,DB_Staff!$B:$B,0)),"")) -> G22098 | M34: ASILA ALIA D/O KO NOORDIN | N34: =IF(M34="","",IFERROR(INDEX(DB_Staff!$A:$A,MATCH(M34,DB_Staff!$B:$B,0)),"")) -> H51984 | O34: ASNAH BINTE AHMAD | P34: =IF(O34="","",IFERROR(INDEX(DB_Staff!$A:$A,MATCH(O34,DB_Staff!$B:$B,0)),"")) -> H51412 | R34: =IF(Q34="","",IFERROR(INDEX(DB_Staff!$A:$A,MATCH(Q34,DB_Staff!$B:$B,0)),""))
A35: CVE-04 | B35: CVE | C35: 3 | D35: P2 | E35: CVE3221 | F35: Workshop | G35: 1 | H35: 2 | I35: Hybrid | J35: Seminar Room | K35: AU YOKE MAY | L35: =IF(K35="","",IFERROR(INDEX(DB_Staff!$A:$A,MATCH(K35,DB_Staff!$B:$B,0)),"")) -> H50262 | N35: =IF(M35="","",IFERROR(INDEX(DB_Staff!$A:$A,MATCH(M35,DB_Staff!$B:$B,0)),"")) | P35: =IF(O35="","",IFERROR(INDEX(DB_Staff!$A:$A,MATCH(O35,DB_Staff!$B:$B,0)),"")) | R35: =IF(Q35="","",IFERROR(INDEX(DB_Staff!$A:$A,MATCH(Q35,DB_Staff!$B:$B,0)),""))
A36: CVE-05 | B36: CVE | C36: 3 | D36: P1 | E36: CVE3222 | F36: Online | G36: 1 | H36: 1 | I36: Online | J36: Virtual | K36: AVNIT KARIN | L36: =IF(K36="","",IFERROR(INDEX(DB_Staff!$A:$A,MATCH(K36,DB_Staff!$B:$B,0)),"")) -> A88280 | N36: =IF(M36="","",IFERROR(INDEX(DB_Staff!$A:$A,MATCH(M36,DB_Staff!$B:$B,0)),"")) | P36: =IF(O36="","",IFERROR(INDEX(DB_Staff!$A:$A,MATCH(O36,DB_Staff!$B:$B,0)),"")) | R36: =IF(Q36="","",IFERROR(INDEX(DB_Staff!$A:$A,MATCH(Q36,DB_Staff!$B:$B,0)),""))
A37: DSC-01 | B37: DSC | C37: 1 | D37: P1 | E37: DSC1001 | F37: Lecture | G37: 2 | H37: 1 | I37: Face-to-face | J37: Lectorial | K37: AW MEIFANG SHELEEN | L37: =IF(K37="","",IFERROR(INDEX(DB_Staff!$A:$A,MATCH(K37,DB_Staff!$B:$B,0)),"")) -> H50565 | M37: AWAD AWAD MOHAMED KHIRELDIN | N37: =IF(M37="","",IFERROR(INDEX(DB_Staff!$A:$A,MATCH(M37,DB_Staff!$B:$B,0)),"")) -> A101565 | P37: =IF(O37="","",IFERROR(INDEX(DB_Staff!$A:$A,MATCH(O37,DB_Staff!$B:$B,0)),"")) | R37: =IF(Q37="","",IFERROR(INDEX(DB_Staff!$A:$A,MATCH(Q37,DB_Staff!$B:$B,0)),""))
A38: DSC-02 | B38: DSC | C38: 2 | D38: P1 | E38: DSC2203 | F38: Tutorial | G38: 2 | H38: 1 | I38: Face-to-face | J38: Seminar Room | K38: AZHAR BIN ABDUL SALAM | L38: =IF(K38="","",IFERROR(INDEX(DB_Staff!$A:$A,MATCH(K38,DB_Staff!$B:$B,0)),"")) -> H51896 | N38: =IF(M38="","",IFERROR(INDEX(DB_Staff!$A:$A,MATCH(M38,DB_Staff!$B:$B,0)),"")) | P38: =IF(O38="","",IFERROR(INDEX(DB_Staff!$A:$A,MATCH(O38,DB_Staff!$B:$B,0)),"")) | R38: =IF(Q38="","",IFERROR(INDEX(DB_Staff!$A:$A,MATCH(Q38,DB_Staff!$B:$B,0)),""))
A39: DSC-03 | B39: DSC | C39: 2 | D39: P2 | E39: DSC2302 | F39: Laboratory | G39: 2 | H39: 1 | I39: Face-to-face | J39: Computer Lab | K39: BALA SUBRAMANIAM MAHARANI | L39: =IF(K39="","",IFERROR(INDEX(DB_Staff!$A:$A,MATCH(K39,DB_Staff!$B:$B,0)),"")) -> G22287 | M39: BALAPANURU JANARDHAN | N39: =IF(M39="","",IFERROR(INDEX(DB_Staff!$A:$A,MATCH(M39,DB_Staff!$B:$B,0)),"")) -> A103829 | O39: BALWANT SINGH | P39: =IF(O39="","",IFERROR(INDEX(DB_Staff!$A:$A,MATCH(O39,DB_Staff!$B:$B,0)),"")) -> H52022 | R39: =IF(Q39="","",IFERROR(INDEX(DB_Staff!$A:$A,MATCH(Q39,DB_Staff!$B:$B,0)),""))
A40: DSC-04 | B40: DSC | C40: 3 | D40: P1 | E40: DSC3002B | F40: Workshop | G40: 1 | H40: 2 | I40: Hybrid | J40: Seminar Room | K40: BANAGUAS GLENN SUERTE FELIPE | L40: =IF(K40="","",IFERROR(INDEX(DB_Staff!$A:$A,MATCH(K40,DB_Staff!$B:$B,0)),"")) -> H51947 | N40: =IF(M40="","",IFERROR(INDEX(DB_Staff!$A:$A,MATCH(M40,DB_Staff!$B:$B,0)),"")) | P40: =IF(O40="","",IFERROR(INDEX(DB_Staff!$A:$A,MATCH(O40,DB_Staff!$B:$B,0)),"")) | R40: =IF(Q40="","",IFERROR(INDEX(DB_Staff!$A:$A,MATCH(Q40,DB_Staff!$B:$B,0)),""))
A41: DSC-05 | B41: DSC | C41: 3 | D41: P1 | E41: DSC3201 | F41: Online | G41: 1 | H41: 1 | I41: Online | J41: Virtual | K41: BARBARA ANG TING WEI | L41: =IF(K41="","",IFERROR(INDEX(DB_Staff!$A:$A,MATCH(K41,DB_Staff!$B:$B,0)),"")) -> A102363 | N41: =IF(M41="","",IFERROR(INDEX(DB_Staff!$A:$A,MATCH(M41,DB_Staff!$B:$B,0)),"")) | P41: =IF(O41="","",IFERROR(INDEX(DB_Staff!$A:$A,MATCH(O41,DB_Staff!$B:$B,0)),"")) | R41: =IF(Q41="","",IFERROR(INDEX(DB_Staff!$A:$A,MATCH(Q41,DB_Staff!$B:$B,0)),""))
A42: EDE-01 | B42: EDE | C42: 1 | D42: P1 | E42: EDE1021 | F42: Lecture | G42: 2 | H42: 1 | I42: Face-to-face | J42: Lectorial | K42: BELLAKKA NARAYANAPPA KRISHNAMURTHY | L42: =IF(K42="","",IFERROR(INDEX(DB_Staff!$A:$A,MATCH(K42,DB_Staff!$B:$B,0)),"")) -> H51888 | M42: BENEDICT ANDREW LIM WEE YONG | N42: =IF(M42="","",IFERROR(INDEX(DB_Staff!$A:$A,MATCH(M42,DB_Staff!$B:$B,0)),"")) -> H51635 | P42: =IF(O42="","",IFERROR(INDEX(DB_Staff!$A:$A,MATCH(O42,DB_Staff!$B:$B,0)),"")) | R42: =IF(Q42="","",IFERROR(INDEX(DB_Staff!$A:$A,MATCH(Q42,DB_Staff!$B:$B,0)),""))
A43: EDE-02 | B43: EDE | C43: 1 | D43: P2 | E43: EDE1022 | F43: Tutorial | G43: 2 | H43: 1 | I43: Face-to-face | J43: Seminar Room | K43: BENEDIKT SCHAIBLE | L43: =IF(K43="","",IFERROR(INDEX(DB_Staff!$A:$A,MATCH(K43,DB_Staff!$B:$B,0)),"")) -> G22401 | N43: =IF(M43="","",IFERROR(INDEX(DB_Staff!$A:$A,MATCH(M43,DB_Staff!$B:$B,0)),"")) | P43: =IF(O43="","",IFERROR(INDEX(DB_Staff!$A:$A,MATCH(O43,DB_Staff!$B:$B,0)),"")) | R43: =IF(Q43="","",IFERROR(INDEX(DB_Staff!$A:$A,MATCH(Q43,DB_Staff!$B:$B,0)),""))
A44: EDE-03 | B44: EDE | C44: 1 | D44: P1 | E44: EDE1023 | F44: Laboratory | G44: 2 | H44: 1 | I44: Face-to-face | J44: Computer Lab | K44: BENJAMIN LIM TENG LIOK | L44: =IF(K44="","",IFERROR(INDEX(DB_Staff!$A:$A,MATCH(K44,DB_Staff!$B:$B,0)),"")) -> H51848 | M44: BENJAMIN LIM WEI MING | N44: =IF(M44="","",IFERROR(INDEX(DB_Staff!$A:$A,MATCH(M44,DB_Staff!$B:$B,0)),"")) -> H50424 | O44: BENJAMIN LOH YI KAI | P44: =IF(O44="","",IFERROR(INDEX(DB_Staff!$A:$A,MATCH(O44,DB_Staff!$B:$B,0)),"")) -> H52388 | R44: =IF(Q44="","",IFERROR(INDEX(DB_Staff!$A:$A,MATCH(Q44,DB_Staff!$B:$B,0)),""))
A45: EDE-04 | B45: EDE | C45: 1 | D45: P2 | E45: EDE1024 | F45: Workshop | G45: 1 | H45: 2 | I45: Hybrid | J45: Seminar Room | K45: BERNARD SAW MING GUANG | L45: =IF(K45="","",IFERROR(INDEX(DB_Staff!$A:$A,MATCH(K45,DB_Staff!$B:$B,0)),"")) -> A101600 | N45: =IF(M45="","",IFERROR(INDEX(DB_Staff!$A:$A,MATCH(M45,DB_Staff!$B:$B,0)),"")) | P45: =IF(O45="","",IFERROR(INDEX(DB_Staff!$A:$A,MATCH(O45,DB_Staff!$B:$B,0)),"")) | R45: =IF(Q45="","",IFERROR(INDEX(DB_Staff!$A:$A,MATCH(Q45,DB_Staff!$B:$B,0)),""))
A46: EDE-05 | B46: EDE | C46: 2 | D46: P1 | E46: EDE2021 | F46: Online | G46: 1 | H46: 1 | I46: Online | J46: Virtual | K46: BERNICE SHANTHA WILSON | L46: =IF(K46="","",IFERROR(INDEX(DB_Staff!$A:$A,MATCH(K46,DB_Staff!$B:$B,0)),"")) -> H04013 | N46: =IF(M46="","",IFERROR(INDEX(DB_Staff!$A:$A,MATCH(M46,DB_Staff!$B:$B,0)),"")) | P46: =IF(O46="","",IFERROR(INDEX(DB_Staff!$A:$A,MATCH(O46,DB_Staff!$B:$B,0)),"")) | R46: =IF(Q46="","",IFERROR(INDEX(DB_Staff!$A:$A,MATCH(Q46,DB_Staff!$B:$B,0)),""))
A47: EEE-01 | B47: EEE | C47: 4 | D47: P1 | E47: EEE6001 | F47: Lecture | G47: 2 | H47: 1 | I47: Face-to-face | J47: Lectorial | K47: BFC ICAM EAA | L47: =IF(K47="","",IFERROR(INDEX(DB_Staff!$A:$A,MATCH(K47,DB_Staff!$B:$B,0)),"")) -> H50407 | M47: BHARGAV JAYAPRAKASH BHATKALKAR | N47: =IF(M47="","",IFERROR(INDEX(DB_Staff!$A:$A,MATCH(M47,DB_Staff!$B:$B,0)),"")) -> G22189 | P47: =IF(O47="","",IFERROR(INDEX(DB_Staff!$A:$A,MATCH(O47,DB_Staff!$B:$B,0)),"")) | R47: =IF(Q47="","",IFERROR(INDEX(DB_Staff!$A:$A,MATCH(Q47,DB_Staff!$B:$B,0)),""))
A48: EEE-02 | B48: EEE | C48: 4 | D48: P1 | E48: EEE6005 | F48: Tutorial | G48: 2 | H48: 1 | I48: Face-to-face | J48: Seminar Room | K48: BHOYAR PRIYANKA HRIDAY | L48: =IF(K48="","",IFERROR(INDEX(DB_Staff!$A:$A,MATCH(K48,DB_Staff!$B:$B,0)),"")) -> G22068 | N48: =IF(M48="","",IFERROR(INDEX(DB_Staff!$A:$A,MATCH(M48,DB_Staff!$B:$B,0)),"")) | P48: =IF(O48="","",IFERROR(INDEX(DB_Staff!$A:$A,MATCH(O48,DB_Staff!$B:$B,0)),"")) | R48: =IF(Q48="","",IFERROR(INDEX(DB_Staff!$A:$A,MATCH(Q48,DB_Staff!$B:$B,0)),""))
A49: EEE-03 | B49: EEE | C49: 4 | D49: P2 | E49: EEE6007 | F49: Laboratory | G49: 2 | H49: 1 | I49: Face-to-face | J49: Computer Lab | K49: BINEDELL TREVOR BRIAN | L49: =IF(K49="","",IFERROR(INDEX(DB_Staff!$A:$A,MATCH(K49,DB_Staff!$B:$B,0)),"")) -> H51999 | M49: BOBY SEBASTIAN KAPPEN | N49: =IF(M49="","",IFERROR(INDEX(DB_Staff!$A:$A,MATCH(M49,DB_Staff!$B:$B,0)),"")) -> AF0211 | O49: BOEY YOKE PING | P49: =IF(O49="","",IFERROR(INDEX(DB_Staff!$A:$A,MATCH(O49,DB_Staff!$B:$B,0)),"")) -> H51658 | R49: =IF(Q49="","",IFERROR(INDEX(DB_Staff!$A:$A,MATCH(Q49,DB_Staff!$B:$B,0)),""))
A50: EEE-04 | B50: EEE | C50: 4 | D50: P1 | E50: EEE6209 | F50: Workshop | G50: 1 | H50: 2 | I50: Hybrid | J50: Seminar Room | K50: BOO HUEY CHERN | L50: =IF(K50="","",IFERROR(INDEX(DB_Staff!$A:$A,MATCH(K50,DB_Staff!$B:$B,0)),"")) -> H50417 | N50: =IF(M50="","",IFERROR(INDEX(DB_Staff!$A:$A,MATCH(M50,DB_Staff!$B:$B,0)),"")) | P50: =IF(O50="","",IFERROR(INDEX(DB_Staff!$A:$A,MATCH(O50,DB_Staff!$B:$B,0)),"")) | R50: =IF(Q50="","",IFERROR(INDEX(DB_Staff!$A:$A,MATCH(Q50,DB_Staff!$B:$B,0)),""))
A51: EEE-05 | B51: EEE | C51: 4 | D51: P1 | E51: EEE6211 | F51: Online | G51: 1 | H51: 1 | I51: Online | J51: Virtual | K51: BRANDON CHAN HIAN KHOON | L51: =IF(K51="","",IFERROR(INDEX(DB_Staff!$A:$A,MATCH(K51,DB_Staff!$B:$B,0)),"")) -> A101049 | N51: =IF(M51="","",IFERROR(INDEX(DB_Staff!$A:$A,MATCH(M51,DB_Staff!$B:$B,0)),"")) | P51: =IF(O51="","",IFERROR(INDEX(DB_Staff!$A:$A,MATCH(O51,DB_Staff!$B:$B,0)),"")) | R51: =IF(Q51="","",IFERROR(INDEX(DB_Staff!$A:$A,MATCH(Q51,DB_Staff!$B:$B,0)),""))
A52: EPE-01 | B52: EPE | C52: 1 | D52: P1 | E52: EPE1301 | F52: Lecture | G52: 2 | H52: 1 | I52: Face-to-face | J52: Lectorial | K52: BRENDA MONAGHAN | L52: =IF(K52="","",IFERROR(INDEX(DB_Staff!$A:$A,MATCH(K52,DB_Staff!$B:$B,0)),"")) -> G22072 | M52: BRENDAN ALLEN | N52: =IF(M52="","",IFERROR(INDEX(DB_Staff!$A:$A,MATCH(M52,DB_Staff!$B:$B,0)),"")) -> G22023 | P52: =IF(O52="","",IFERROR(INDEX(DB_Staff!$A:$A,MATCH(O52,DB_Staff!$B:$B,0)),"")) | R52: =IF(Q52="","",IFERROR(INDEX(DB_Staff!$A:$A,MATCH(Q52,DB_Staff!$B:$B,0)),""))
A53: EPE-02 | B53: EPE | C53: 1 | D53: P2 | E53: EPE1302 | F53: Tutorial | G53: 2 | H53: 1 | I53: Face-to-face | J53: Seminar Room | K53: BRIDGET ANNE MARR | L53: =IF(K53="","",IFERROR(INDEX(DB_Staff!$A:$A,MATCH(K53,DB_Staff!$B:$B,0)),"")) -> H50731 | N53: =IF(M53="","",IFERROR(INDEX(DB_Staff!$A:$A,MATCH(M53,DB_Staff!$B:$B,0)),"")) | P53: =IF(O53="","",IFERROR(INDEX(DB_Staff!$A:$A,MATCH(O53,DB_Staff!$B:$B,0)),"")) | R53: =IF(Q53="","",IFERROR(INDEX(DB_Staff!$A:$A,MATCH(Q53,DB_Staff!$B:$B,0)),""))
A54: EPE-03 | B54: EPE | C54: 1 | D54: P1 | E54: EPE1303 | F54: Laboratory | G54: 2 | H54: 1 | I54: Face-to-face | J54: Computer Lab | K54: BUSHRA BINTE SHAIK ISMAIL | L54: =IF(K54="","",IFERROR(INDEX(DB_Staff!$A:$A,MATCH(K54,DB_Staff!$B:$B,0)),"")) -> H52227 | M54: CAI CONGCONG | N54: =IF(M54="","",IFERROR(INDEX(DB_Staff!$A:$A,MATCH(M54,DB_Staff!$B:$B,0)),"")) -> H50408 | O54: CAITRIONA QUINN | P54: =IF(O54="","",IFERROR(INDEX(DB_Staff!$A:$A,MATCH(O54,DB_Staff!$B:$B,0)),"")) -> G22161 | R54: =IF(Q54="","",IFERROR(INDEX(DB_Staff!$A:$A,MATCH(Q54,DB_Staff!$B:$B,0)),""))
A55: EPE-04 | B55: EPE | C55: 3 | D55: P2 | E55: EPE3301 | F55: Workshop | G55: 1 | H55: 2 | I55: Hybrid | J55: Seminar Room | K55: CALVIN TAN | L55: =IF(K55="","",IFERROR(INDEX(DB_Staff!$A:$A,MATCH(K55,DB_Staff!$B:$B,0)),"")) -> G20151 | N55: =IF(M55="","",IFERROR(INDEX(DB_Staff!$A:$A,MATCH(M55,DB_Staff!$B:$B,0)),"")) | P55: =IF(O55="","",IFERROR(INDEX(DB_Staff!$A:$A,MATCH(O55,DB_Staff!$B:$B,0)),"")) | R55: =IF(Q55="","",IFERROR(INDEX(DB_Staff!$A:$A,MATCH(Q55,DB_Staff!$B:$B,0)),""))
A56: EPE-05 | B56: EPE | C56: 3 | D56: P1 | E56: EPE3302 | F56: Online | G56: 1 | H56: 1 | I56: Online | J56: Virtual | K56: CAO QI | L56: =IF(K56="","",IFERROR(INDEX(DB_Staff!$A:$A,MATCH(K56,DB_Staff!$B:$B,0)),"")) -> G15060 | N56: =IF(M56="","",IFERROR(INDEX(DB_Staff!$A:$A,MATCH(M56,DB_Staff!$B:$B,0)),"")) | P56: =IF(O56="","",IFERROR(INDEX(DB_Staff!$A:$A,MATCH(O56,DB_Staff!$B:$B,0)),"")) | R56: =IF(Q56="","",IFERROR(INDEX(DB_Staff!$A:$A,MATCH(Q56,DB_Staff!$B:$B,0)),""))
A57: ESE-01 | B57: ESE | C57: 1 | D57: P1 | E57: ESE1101 | F57: Lecture | G57: 2 | H57: 1 | I57: Face-to-face | J57: Lectorial | K57: CAROLINE LEE MANN YING | L57: =IF(K57="","",IFERROR(INDEX(DB_Staff!$A:$A,MATCH(K57,DB_Staff!$B:$B,0)),"")) -> A102640 | M57: CAROLYN CHAN MEI FONG | N57: =IF(M57="","",IFERROR(INDEX(DB_Staff!$A:$A,MATCH(M57,DB_Staff!$B:$B,0)),"")) -> H50603 | P57: =IF(O57="","",IFERROR(INDEX(DB_Staff!$A:$A,MATCH(O57,DB_Staff!$B:$B,0)),"")) | R57: =IF(Q57="","",IFERROR(INDEX(DB_Staff!$A:$A,MATCH(Q57,DB_Staff!$B:$B,0)),""))
A58: ESE-02 | B58: ESE | C58: 1 | D58: P1 | E58: ESE1109 | F58: Tutorial | G58: 2 | H58: 1 | I58: Face-to-face | J58: Seminar Room | K58: CECILIA NATHEN | L58: =IF(K58="","",IFERROR(INDEX(DB_Staff!$A:$A,MATCH(K58,DB_Staff!$B:$B,0)),"")) -> H51849 | N58: =IF(M58="","",IFERROR(INDEX(DB_Staff!$A:$A,MATCH(M58,DB_Staff!$B:$B,0)),"")) | P58: =IF(O58="","",IFERROR(INDEX(DB_Staff!$A:$A,MATCH(O58,DB_Staff!$B:$B,0)),"")) | R58: =IF(Q58="","",IFERROR(INDEX(DB_Staff!$A:$A,MATCH(Q58,DB_Staff!$B:$B,0)),""))
A59: ESE-03 | B59: ESE | C59: 2 | D59: P2 | E59: ESE2103 | F59: Laboratory | G59: 2 | H59: 1 | I59: Face-to-face | J59: Computer Lab | K59: CEZANNE SANTOS CABULAY | L59: =IF(K59="","",IFERROR(INDEX(DB_Staff!$A:$A,MATCH(K59,DB_Staff!$B:$B,0)),"")) -> A102445 | M59: CHAI CHIN LOON | N59: =IF(M59="","",IFERROR(INDEX(DB_Staff!$A:$A,MATCH(M59,DB_Staff!$B:$B,0)),"")) -> A103364 | O59: CHAI GIN TSEN | P59: =IF(O59="","",IFERROR(INDEX(DB_Staff!$A:$A,MATCH(O59,DB_Staff!$B:$B,0)),"")) -> H52229 | R59: =IF(Q59="","",IFERROR(INDEX(DB_Staff!$A:$A,MATCH(Q59,DB_Staff!$B:$B,0)),""))
A60: ESE-04 | B60: ESE | C60: 3 | D60: P1 | E60: ESE3103 | F60: Workshop | G60: 1 | H60: 2 | I60: Hybrid | J60: Seminar Room | K60: CHAI JIAN PING | L60: =IF(K60="","",IFERROR(INDEX(DB_Staff!$A:$A,MATCH(K60,DB_Staff!$B:$B,0)),"")) -> H51881 | N60: =IF(M60="","",IFERROR(INDEX(DB_Staff!$A:$A,MATCH(M60,DB_Staff!$B:$B,0)),"")) | P60: =IF(O60="","",IFERROR(INDEX(DB_Staff!$A:$A,MATCH(O60,DB_Staff!$B:$B,0)),"")) | R60: =IF(Q60="","",IFERROR(INDEX(DB_Staff!$A:$A,MATCH(Q60,DB_Staff!$B:$B,0)),""))
A61: ESE-05 | B61: ESE | C61: 3 | D61: P1 | E61: ESE3103X | F61: Online | G61: 1 | H61: 1 | I61: Online | J61: Virtual | K61: CHAKARAMAKKIL MATHEW JOSE | L61: =IF(K61="","",IFERROR(INDEX(DB_Staff!$A:$A,MATCH(K61,DB_Staff!$B:$B,0)),"")) -> H52150 | N61: =IF(M61="","",IFERROR(INDEX(DB_Staff!$A:$A,MATCH(M61,DB_Staff!$B:$B,0)),"")) | P61: =IF(O61="","",IFERROR(INDEX(DB_Staff!$A:$A,MATCH(O61,DB_Staff!$B:$B,0)),"")) | R61: =IF(Q61="","",IFERROR(INDEX(DB_Staff!$A:$A,MATCH(Q61,DB_Staff!$B:$B,0)),""))
A62: FDT-01 | B62: FDT | C62: 1 | D62: P1 | E62: FDT1012 | F62: Lecture | G62: 2 | H62: 1 | I62: Face-to-face | J62: Lectorial | K62: CHAN CHING BON | L62: =IF(K62="","",IFERROR(INDEX(DB_Staff!$A:$A,MATCH(K62,DB_Staff!$B:$B,0)),"")) -> A101284 | M62: CHAN EE YUEE | N62: =IF(M62="","",IFERROR(INDEX(DB_Staff!$A:$A,MATCH(M62,DB_Staff!$B:$B,0)),"")) -> H52212 | P62: =IF(O62="","",IFERROR(INDEX(DB_Staff!$A:$A,MATCH(O62,DB_Staff!$B:$B,0)),"")) | R62: =IF(Q62="","",IFERROR(INDEX(DB_Staff!$A:$A,MATCH(Q62,DB_Staff!$B:$B,0)),""))
A63: FDT-02 | B63: FDT | C63: 1 | D63: P2 | E63: FDT1013 | F63: Tutorial | G63: 2 | H63: 1 | I63: Face-to-face | J63: Seminar Room | K63: CHAN JIA HUI STEPHANIE | L63: =IF(K63="","",IFERROR(INDEX(DB_Staff!$A:$A,MATCH(K63,DB_Staff!$B:$B,0)),"")) -> H52378 | N63: =IF(M63="","",IFERROR(INDEX(DB_Staff!$A:$A,MATCH(M63,DB_Staff!$B:$B,0)),"")) | P63: =IF(O63="","",IFERROR(INDEX(DB_Staff!$A:$A,MATCH(O63,DB_Staff!$B:$B,0)),"")) | R63: =IF(Q63="","",IFERROR(INDEX(DB_Staff!$A:$A,MATCH(Q63,DB_Staff!$B:$B,0)),""))
A64: FDT-03 | B64: FDT | C64: 1 | D64: P1 | E64: FDT1021 | F64: Laboratory | G64: 2 | H64: 1 | I64: Face-to-face | J64: Computer Lab | K64: CHAN LI QI | L64: =IF(K64="","",IFERROR(INDEX(DB_Staff!$A:$A,MATCH(K64,DB_Staff!$B:$B,0)),"")) -> H52058 | M64: CHAN LIWEN JOYCERN | N64: =IF(M64="","",IFERROR(INDEX(DB_Staff!$A:$A,MATCH(M64,DB_Staff!$B:$B,0)),"")) -> H52068 | O64: CHAN MARTIN KIA YIN | P64: =IF(O64="","",IFERROR(INDEX(DB_Staff!$A:$A,MATCH(O64,DB_Staff!$B:$B,0)),"")) -> A102636 | R64: =IF(Q64="","",IFERROR(INDEX(DB_Staff!$A:$A,MATCH(Q64,DB_Staff!$B:$B,0)),""))
A65: FDT-04 | B65: FDT | C65: 2 | D65: P2 | E65: FDT2011 | F65: Workshop | G65: 1 | H65: 2 | I65: Hybrid | J65: Seminar Room | K65: CHAN MEI LENG | L65: =IF(K65="","",IFERROR(INDEX(DB_Staff!$A:$A,MATCH(K65,DB_Staff!$B:$B,0)),"")) -> A101205 | N65: =IF(M65="","",IFERROR(INDEX(DB_Staff!$A:$A,MATCH(M65,DB_Staff!$B:$B,0)),"")) | P65: =IF(O65="","",IFERROR(INDEX(DB_Staff!$A:$A,MATCH(O65,DB_Staff!$B:$B,0)),"")) | R65: =IF(Q65="","",IFERROR(INDEX(DB_Staff!$A:$A,MATCH(Q65,DB_Staff!$B:$B,0)),""))
A66: FDT-05 | B66: FDT | C66: 2 | D66: P1 | E66: FDT2013 | F66: Online | G66: 1 | H66: 1 | I66: Online | J66: Virtual | K66: CHAN NAI TIONG | L66: =IF(K66="","",IFERROR(INDEX(DB_Staff!$A:$A,MATCH(K66,DB_Staff!$B:$B,0)),"")) -> A102928 | N66: =IF(M66="","",IFERROR(INDEX(DB_Staff!$A:$A,MATCH(M66,DB_Staff!$B:$B,0)),"")) | P66: =IF(O66="","",IFERROR(INDEX(DB_Staff!$A:$A,MATCH(O66,DB_Staff!$B:$B,0)),"")) | R66: =IF(Q66="","",IFERROR(INDEX(DB_Staff!$A:$A,MATCH(Q66,DB_Staff!$B:$B,0)),""))
A67: ICT-01 | B67: ICT | C67: 1 | D67: P1 | E67: ICT1012 | F67: Lecture | G67: 2 | H67: 1 | I67: Face-to-face | J67: Lectorial | K67: CHAN PEK SIAN DIANA | L67: =IF(K67="","",IFERROR(INDEX(DB_Staff!$A:$A,MATCH(K67,DB_Staff!$B:$B,0)),"")) -> H52071 | M67: CHAN SUE MEI | N67: =IF(M67="","",IFERROR(INDEX(DB_Staff!$A:$A,MATCH(M67,DB_Staff!$B:$B,0)),"")) -> H51417 | P67: =IF(O67="","",IFERROR(INDEX(DB_Staff!$A:$A,MATCH(O67,DB_Staff!$B:$B,0)),"")) | R67: =IF(Q67="","",IFERROR(INDEX(DB_Staff!$A:$A,MATCH(Q67,DB_Staff!$B:$B,0)),""))
A68: ICT-02 | B68: ICT | C68: 1 | D68: P1 | E68: ICT1013 | F68: Tutorial | G68: 2 | H68: 1 | I68: Face-to-face | J68: Seminar Room | K68: CHAN TAI PO | L68: =IF(K68="","",IFERROR(INDEX(DB_Staff!$A:$A,MATCH(K68,DB_Staff!$B:$B,0)),"")) -> A101838 | N68: =IF(M68="","",IFERROR(INDEX(DB_Staff!$A:$A,MATCH(M68,DB_Staff!$B:$B,0)),"")) | P68: =IF(O68="","",IFERROR(INDEX(DB_Staff!$A:$A,MATCH(O68,DB_Staff!$B:$B,0)),"")) | R68: =IF(Q68="","",IFERROR(INDEX(DB_Staff!$A:$A,MATCH(Q68,DB_Staff!$B:$B,0)),""))
A69: ICT-03 | B69: ICT | C69: 2 | D69: P2 | E69: ICT2112 | F69: Laboratory | G69: 2 | H69: 1 | I69: Face-to-face | J69: Computer Lab | K69: CHAN TZE JIN | L69: =IF(K69="","",IFERROR(INDEX(DB_Staff!$A:$A,MATCH(K69,DB_Staff!$B:$B,0)),"")) -> A88567 | M69: CHAN YANNING VERA | N69: =IF(M69="","",IFERROR(INDEX(DB_Staff!$A:$A,MATCH(M69,DB_Staff!$B:$B,0)),"")) -> H51666 | O69: CHAN YI CHING MELISSA | P69: =IF(O69="","",IFERROR(INDEX(DB_Staff!$A:$A,MATCH(O69,DB_Staff!$B:$B,0)),"")) -> H50414 | R69: =IF(Q69="","",IFERROR(INDEX(DB_Staff!$A:$A,MATCH(Q69,DB_Staff!$B:$B,0)),""))
A70: ICT-04 | B70: ICT | C70: 2 | D70: P1 | E70: ICT2113 | F70: Workshop | G70: 1 | H70: 2 | I70: Hybrid | J70: Seminar Room | K70: CHAN YIN KAI | L70: =IF(K70="","",IFERROR(INDEX(DB_Staff!$A:$A,MATCH(K70,DB_Staff!$B:$B,0)),"")) -> H50362 | N70: =IF(M70="","",IFERROR(INDEX(DB_Staff!$A:$A,MATCH(M70,DB_Staff!$B:$B,0)),"")) | P70: =IF(O70="","",IFERROR(INDEX(DB_Staff!$A:$A,MATCH(O70,DB_Staff!$B:$B,0)),"")) | R70: =IF(Q70="","",IFERROR(INDEX(DB_Staff!$A:$A,MATCH(Q70,DB_Staff!$B:$B,0)),""))
A71: ICT-05 | B71: ICT | C71: 2 | D71: P1 | E71: ICT2114 | F71: Online | G71: 1 | H71: 1 | I71: Online | J71: Virtual | K71: CHANDRA GOPALAN | L71: =IF(K71="","",IFERROR(INDEX(DB_Staff!$A:$A,MATCH(K71,DB_Staff!$B:$B,0)),"")) -> H01066 | N71: =IF(M71="","",IFERROR(INDEX(DB_Staff!$A:$A,MATCH(M71,DB_Staff!$B:$B,0)),"")) | P71: =IF(O71="","",IFERROR(INDEX(DB_Staff!$A:$A,MATCH(O71,DB_Staff!$B:$B,0)),"")) | R71: =IF(Q71="","",IFERROR(INDEX(DB_Staff!$A:$A,MATCH(Q71,DB_Staff!$B:$B,0)),""))
A72: MEC-01 | B72: MEC | C72: 1 | D72: P1 | E72: MEC1223 | F72: Lecture | G72: 2 | H72: 1 | I72: Face-to-face | J72: Lectorial | K72: CHANG YOU WONG | L72: =IF(K72="","",IFERROR(INDEX(DB_Staff!$A:$A,MATCH(K72,DB_Staff!$B:$B,0)),"")) -> AF0186 | M72: CHANYAPORN BSTIELER | N72: =IF(M72="","",IFERROR(INDEX(DB_Staff!$A:$A,MATCH(M72,DB_Staff!$B:$B,0)),"")) -> H51628 | P72: =IF(O72="","",IFERROR(INDEX(DB_Staff!$A:$A,MATCH(O72,DB_Staff!$B:$B,0)),"")) | R72: =IF(Q72="","",IFERROR(INDEX(DB_Staff!$A:$A,MATCH(Q72,DB_Staff!$B:$B,0)),""))
A73: MEC-02 | B73: MEC | C73: 1 | D73: P2 | E73: MEC1241 | F73: Tutorial | G73: 2 | H73: 1 | I73: Face-to-face | J73: Seminar Room | K73: CHARLES SU QI | L73: =IF(K73="","",IFERROR(INDEX(DB_Staff!$A:$A,MATCH(K73,DB_Staff!$B:$B,0)),"")) -> G12036 | N73: =IF(M73="","",IFERROR(INDEX(DB_Staff!$A:$A,MATCH(M73,DB_Staff!$B:$B,0)),"")) | P73: =IF(O73="","",IFERROR(INDEX(DB_Staff!$A:$A,MATCH(O73,DB_Staff!$B:$B,0)),"")) | R73: =IF(Q73="","",IFERROR(INDEX(DB_Staff!$A:$A,MATCH(Q73,DB_Staff!$B:$B,0)),""))
A74: MEC-03 | B74: MEC | C74: 2 | D74: P1 | E74: MEC2261 | F74: Laboratory | G74: 2 | H74: 1 | I74: Face-to-face | J74: Computer Lab | K74: CHEAH CHEN HUI, SOPHIA | L74: =IF(K74="","",IFERROR(INDEX(DB_Staff!$A:$A,MATCH(K74,DB_Staff!$B:$B,0)),"")) -> H51243 | M74: CHEAH LE LE | N74: =IF(M74="","",IFERROR(INDEX(DB_Staff!$A:$A,MATCH(M74,DB_Staff!$B:$B,0)),"")) -> A103525 | O74: CHEANG LAI PING | P74: =IF(O74="","",IFERROR(INDEX(DB_Staff!$A:$A,MATCH(O74,DB_Staff!$B:$B,0)),"")) -> H52344 | R74: =IF(Q74="","",IFERROR(INDEX(DB_Staff!$A:$A,MATCH(Q74,DB_Staff!$B:$B,0)),""))
A75: MEC-04 | B75: MEC | C75: 2 | D75: P2 | E75: MEC2282 | F75: Workshop | G75: 1 | H75: 2 | I75: Hybrid | J75: Seminar Room | K75: CHEE THONG GAN | L75: =IF(K75="","",IFERROR(INDEX(DB_Staff!$A:$A,MATCH(K75,DB_Staff!$B:$B,0)),"")) -> A102618 | N75: =IF(M75="","",IFERROR(INDEX(DB_Staff!$A:$A,MATCH(M75,DB_Staff!$B:$B,0)),"")) | P75: =IF(O75="","",IFERROR(INDEX(DB_Staff!$A:$A,MATCH(O75,DB_Staff!$B:$B,0)),"")) | R75: =IF(Q75="","",IFERROR(INDEX(DB_Staff!$A:$A,MATCH(Q75,DB_Staff!$B:$B,0)),""))
A76: MEC-05 | B76: MEC | C76: 3 | D76: P1 | E76: MEC3271 | F76: Online | G76: 1 | H76: 1 | I76: Online | J76: Virtual | K76: CHEN DEHUI, JANICE | L76: =IF(K76="","",IFERROR(INDEX(DB_Staff!$A:$A,MATCH(K76,DB_Staff!$B:$B,0)),"")) -> H51221 | N76: =IF(M76="","",IFERROR(INDEX(DB_Staff!$A:$A,MATCH(M76,DB_Staff!$B:$B,0)),"")) | P76: =IF(O76="","",IFERROR(INDEX(DB_Staff!$A:$A,MATCH(O76,DB_Staff!$B:$B,0)),"")) | R76: =IF(Q76="","",IFERROR(INDEX(DB_Staff!$A:$A,MATCH(Q76,DB_Staff!$B:$B,0)),""))
A77: NUR-01 | B77: NUR | C77: 1 | D77: P1 | E77: NUR1201 | F77: Lecture | G77: 2 | H77: 1 | I77: Face-to-face | J77: Lectorial | K77: CHEN HUIWEN | L77: =IF(K77="","",IFERROR(INDEX(DB_Staff!$A:$A,MATCH(K77,DB_Staff!$B:$B,0)),"")) -> H50426 | M77: CHEN JING | N77: =IF(M77="","",IFERROR(INDEX(DB_Staff!$A:$A,MATCH(M77,DB_Staff!$B:$B,0)),"")) -> H52130 | P77: =IF(O77="","",IFERROR(INDEX(DB_Staff!$A:$A,MATCH(O77,DB_Staff!$B:$B,0)),"")) | R77: =IF(Q77="","",IFERROR(INDEX(DB_Staff!$A:$A,MATCH(Q77,DB_Staff!$B:$B,0)),""))
A78: NUR-02 | B78: NUR | C78: 1 | D78: P1 | E78: NUR1202 | F78: Tutorial | G78: 2 | H78: 1 | I78: Face-to-face | J78: Seminar Room | K78: CHEN LI WEN | L78: =IF(K78="","",IFERROR(INDEX(DB_Staff!$A:$A,MATCH(K78,DB_Staff!$B:$B,0)),"")) -> A101210 | N78: =IF(M78="","",IFERROR(INDEX(DB_Staff!$A:$A,MATCH(M78,DB_Staff!$B:$B,0)),"")) | P78: =IF(O78="","",IFERROR(INDEX(DB_Staff!$A:$A,MATCH(O78,DB_Staff!$B:$B,0)),"")) | R78: =IF(Q78="","",IFERROR(INDEX(DB_Staff!$A:$A,MATCH(Q78,DB_Staff!$B:$B,0)),""))
A79: NUR-03 | B79: NUR | C79: 1 | D79: P2 | E79: NUR1203 | F79: Laboratory | G79: 2 | H79: 1 | I79: Face-to-face | J79: Computer Lab | K79: CHEN MING | L79: =IF(K79="","",IFERROR(INDEX(DB_Staff!$A:$A,MATCH(K79,DB_Staff!$B:$B,0)),"")) -> H03052 | M79: CHEN MINQUAN SEAN | N79: =IF(M79="","",IFERROR(INDEX(DB_Staff!$A:$A,MATCH(M79,DB_Staff!$B:$B,0)),"")) -> H52250 | P79: =IF(O79="","",IFERROR(INDEX(DB_Staff!$A:$A,MATCH(O79,DB_Staff!$B:$B,0)),"")) | R79: =IF(Q79="","",IFERROR(INDEX(DB_Staff!$A:$A,MATCH(Q79,DB_Staff!$B:$B,0)),""))
A80: NUR-04 | B80: NUR | C80: 2 | D80: P1 | E80: NUR2201 | F80: Workshop | G80: 1 | H80: 2 | I80: Hybrid | J80: Seminar Room | K80: CHEN QIANG ALEX | L80: =IF(K80="","",IFERROR(INDEX(DB_Staff!$A:$A,MATCH(K80,DB_Staff!$B:$B,0)),"")) -> A100817 | N80: =IF(M80="","",IFERROR(INDEX(DB_Staff!$A:$A,MATCH(M80,DB_Staff!$B:$B,0)),"")) | P80: =IF(O80="","",IFERROR(INDEX(DB_Staff!$A:$A,MATCH(O80,DB_Staff!$B:$B,0)),"")) | R80: =IF(Q80="","",IFERROR(INDEX(DB_Staff!$A:$A,MATCH(Q80,DB_Staff!$B:$B,0)),""))
A81: NUR-05 | B81: NUR | C81: 2 | D81: P1 | E81: NUR2202 | F81: Online | G81: 1 | H81: 1 | I81: Online | J81: Virtual | K81: CHEN WEI | L81: =IF(K81="","",IFERROR(INDEX(DB_Staff!$A:$A,MATCH(K81,DB_Staff!$B:$B,0)),"")) -> H50929 | N81: =IF(M81="","",IFERROR(INDEX(DB_Staff!$A:$A,MATCH(M81,DB_Staff!$B:$B,0)),"")) | P81: =IF(O81="","",IFERROR(INDEX(DB_Staff!$A:$A,MATCH(O81,DB_Staff!$B:$B,0)),"")) | R81: =IF(Q81="","",IFERROR(INDEX(DB_Staff!$A:$A,MATCH(Q81,DB_Staff!$B:$B,0)),""))
A82: RSE-01 | B82: RSE | C82: 1 | D82: P1 | E82: RSE1102 | F82: Lecture | G82: 2 | H82: 1 | I82: Face-to-face | J82: Lectorial | K82: CHEN WENJIE | L82: =IF(K82="","",IFERROR(INDEX(DB_Staff!$A:$A,MATCH(K82,DB_Staff!$B:$B,0)),"")) -> H52240 | M82: CHEN XIAORONG | N82: =IF(M82="","",IFERROR(INDEX(DB_Staff!$A:$A,MATCH(M82,DB_Staff!$B:$B,0)),"")) -> A88372 | P82: =IF(O82="","",IFERROR(INDEX(DB_Staff!$A:$A,MATCH(O82,DB_Staff!$B:$B,0)),"")) | R82: =IF(Q82="","",IFERROR(INDEX(DB_Staff!$A:$A,MATCH(Q82,DB_Staff!$B:$B,0)),""))
A83: RSE-02 | B83: RSE | C83: 1 | D83: P2 | E83: RSE1202 | F83: Tutorial | G83: 2 | H83: 1 | I83: Face-to-face | J83: Seminar Room | K83: CHEN ZHIPU | L83: =IF(K83="","",IFERROR(INDEX(DB_Staff!$A:$A,MATCH(K83,DB_Staff!$B:$B,0)),"")) -> G22417 | N83: =IF(M83="","",IFERROR(INDEX(DB_Staff!$A:$A,MATCH(M83,DB_Staff!$B:$B,0)),"")) | P83: =IF(O83="","",IFERROR(INDEX(DB_Staff!$A:$A,MATCH(O83,DB_Staff!$B:$B,0)),"")) | R83: =IF(Q83="","",IFERROR(INDEX(DB_Staff!$A:$A,MATCH(Q83,DB_Staff!$B:$B,0)),""))
A84: RSE-03 | B84: RSE | C84: 1 | D84: P1 | E84: RSE1801 | F84: Laboratory | G84: 2 | H84: 1 | I84: Face-to-face | J84: Computer Lab | K84: CHENG SHIAN WEN | L84: =IF(K84="","",IFERROR(INDEX(DB_Staff!$A:$A,MATCH(K84,DB_Staff!$B:$B,0)),"")) -> H51723 | M84: CHENG SHUET FONG | N84: =IF(M84="","",IFERROR(INDEX(DB_Staff!$A:$A,MATCH(M84,DB_Staff!$B:$B,0)),"")) -> A103859 | O84: CHENG SIONG CHIN | P84: =IF(O84="","",IFERROR(INDEX(DB_Staff!$A:$A,MATCH(O84,DB_Staff!$B:$B,0)),"")) -> G12002 | R84: =IF(Q84="","",IFERROR(INDEX(DB_Staff!$A:$A,MATCH(Q84,DB_Staff!$B:$B,0)),""))
A85: RSE-04 | B85: RSE | C85: 2 | D85: P2 | E85: RSE2109 | F85: Workshop | G85: 1 | H85: 2 | I85: Hybrid | J85: Seminar Room | K85: CHENG YEW KIANG, ERIC | L85: =IF(K85="","",IFERROR(INDEX(DB_Staff!$A:$A,MATCH(K85,DB_Staff!$B:$B,0)),"")) -> A102854 | N85: =IF(M85="","",IFERROR(INDEX(DB_Staff!$A:$A,MATCH(M85,DB_Staff!$B:$B,0)),"")) | P85: =IF(O85="","",IFERROR(INDEX(DB_Staff!$A:$A,MATCH(O85,DB_Staff!$B:$B,0)),"")) | R85: =IF(Q85="","",IFERROR(INDEX(DB_Staff!$A:$A,MATCH(Q85,DB_Staff!$B:$B,0)),""))
A86: RSE-05 | B86: RSE | C86: 3 | D86: P1 | E86: RSE3204 | F86: Online | G86: 1 | H86: 1 | I86: Online | J86: Virtual | K86: CHEONG CHUEN KONG, KEVIN | L86: =IF(K86="","",IFERROR(INDEX(DB_Staff!$A:$A,MATCH(K86,DB_Staff!$B:$B,0)),"")) -> H51568 | N86: =IF(M86="","",IFERROR(INDEX(DB_Staff!$A:$A,MATCH(M86,DB_Staff!$B:$B,0)),"")) | P86: =IF(O86="","",IFERROR(INDEX(DB_Staff!$A:$A,MATCH(O86,DB_Staff!$B:$B,0)),"")) | R86: =IF(Q86="","",IFERROR(INDEX(DB_Staff!$A:$A,MATCH(Q86,DB_Staff!$B:$B,0)),""))
A87: SBE-01 | B87: SBE | C87: 1 | D87: P1 | E87: SBE1101 | F87: Lecture | G87: 2 | H87: 1 | I87: Face-to-face | J87: Lectorial | K87: CHEONG KUM FOONG | L87: =IF(K87="","",IFERROR(INDEX(DB_Staff!$A:$A,MATCH(K87,DB_Staff!$B:$B,0)),"")) -> H50055 | M87: CHEONG KWOK CHEE PHILIP | N87: =IF(M87="","",IFERROR(INDEX(DB_Staff!$A:$A,MATCH(M87,DB_Staff!$B:$B,0)),"")) -> A102929 | P87: =IF(O87="","",IFERROR(INDEX(DB_Staff!$A:$A,MATCH(O87,DB_Staff!$B:$B,0)),"")) | R87: =IF(Q87="","",IFERROR(INDEX(DB_Staff!$A:$A,MATCH(Q87,DB_Staff!$B:$B,0)),""))
A88: SBE-02 | B88: SBE | C88: 1 | D88: P1 | E88: SBE1109 | F88: Tutorial | G88: 2 | H88: 1 | I88: Face-to-face | J88: Seminar Room | K88: CHEONG YUN YEE | L88: =IF(K88="","",IFERROR(INDEX(DB_Staff!$A:$A,MATCH(K88,DB_Staff!$B:$B,0)),"")) -> H52044 | N88: =IF(M88="","",IFERROR(INDEX(DB_Staff!$A:$A,MATCH(M88,DB_Staff!$B:$B,0)),"")) | P88: =IF(O88="","",IFERROR(INDEX(DB_Staff!$A:$A,MATCH(O88,DB_Staff!$B:$B,0)),"")) | R88: =IF(Q88="","",IFERROR(INDEX(DB_Staff!$A:$A,MATCH(Q88,DB_Staff!$B:$B,0)),""))
A89: SBE-03 | B89: SBE | C89: 1 | D89: P2 | E89: SBE1111 | F89: Laboratory | G89: 2 | H89: 1 | I89: Face-to-face | J89: Computer Lab | K89: CHERYL CHARMAIN ARNOLD | L89: =IF(K89="","",IFERROR(INDEX(DB_Staff!$A:$A,MATCH(K89,DB_Staff!$B:$B,0)),"")) -> H50266 | M89: CHERYL CHEN WEI PING | N89: =IF(M89="","",IFERROR(INDEX(DB_Staff!$A:$A,MATCH(M89,DB_Staff!$B:$B,0)),"")) -> H51937 | O89: CHERYL LIAN PEI LING | P89: =IF(O89="","",IFERROR(INDEX(DB_Staff!$A:$A,MATCH(O89,DB_Staff!$B:$B,0)),"")) -> A100847 | R89: =IF(Q89="","",IFERROR(INDEX(DB_Staff!$A:$A,MATCH(Q89,DB_Staff!$B:$B,0)),""))
A90: SBE-04 | B90: SBE | C90: 2 | D90: P1 | E90: SBE2112 | F90: Workshop | G90: 1 | H90: 2 | I90: Hybrid | J90: Seminar Room | K90: CHEW CHOON LEE | L90: =IF(K90="","",IFERROR(INDEX(DB_Staff!$A:$A,MATCH(K90,DB_Staff!$B:$B,0)),"")) -> A101092 | N90: =IF(M90="","",IFERROR(INDEX(DB_Staff!$A:$A,MATCH(M90,DB_Staff!$B:$B,0)),"")) | P90: =IF(O90="","",IFERROR(INDEX(DB_Staff!$A:$A,MATCH(O90,DB_Staff!$B:$B,0)),"")) | R90: =IF(Q90="","",IFERROR(INDEX(DB_Staff!$A:$A,MATCH(Q90,DB_Staff!$B:$B,0)),""))
A91: SBE-05 | B91: SBE | C91: 3 | D91: P1 | E91: SBE3113A | F91: Online | G91: 1 | H91: 1 | I91: Online | J91: Virtual | K91: CHEW KEW HONG | L91: =IF(K91="","",IFERROR(INDEX(DB_Staff!$A:$A,MATCH(K91,DB_Staff!$B:$B,0)),"")) -> G12083 | N91: =IF(M91="","",IFERROR(INDEX(DB_Staff!$A:$A,MATCH(M91,DB_Staff!$B:$B,0)),"")) | P91: =IF(O91="","",IFERROR(INDEX(DB_Staff!$A:$A,MATCH(O91,DB_Staff!$B:$B,0)),"")) | R91: =IF(Q91="","",IFERROR(INDEX(DB_Staff!$A:$A,MATCH(Q91,DB_Staff!$B:$B,0)),""))
A92: SLT-01 | B92: SLT | C92: 1 | D92: P1 | E92: SLT1203 | F92: Lecture | G92: 2 | H92: 1 | I92: Face-to-face | J92: Lectorial | K92: CHIA BOON CHYE | L92: =IF(K92="","",IFERROR(INDEX(DB_Staff!$A:$A,MATCH(K92,DB_Staff!$B:$B,0)),"")) -> A102886 | M92: CHIA ENG SENG | N92: =IF(M92="","",IFERROR(INDEX(DB_Staff!$A:$A,MATCH(M92,DB_Staff!$B:$B,0)),"")) -> H52393 | P92: =IF(O92="","",IFERROR(INDEX(DB_Staff!$A:$A,MATCH(O92,DB_Staff!$B:$B,0)),"")) | R92: =IF(Q92="","",IFERROR(INDEX(DB_Staff!$A:$A,MATCH(Q92,DB_Staff!$B:$B,0)),""))
A93: SLT-02 | B93: SLT | C93: 1 | D93: P2 | E93: SLT1204 | F93: Tutorial | G93: 2 | H93: 1 | I93: Face-to-face | J93: Seminar Room | K93: CHIA KOON LIANG | L93: =IF(K93="","",IFERROR(INDEX(DB_Staff!$A:$A,MATCH(K93,DB_Staff!$B:$B,0)),"")) -> H52354 | N93: =IF(M93="","",IFERROR(INDEX(DB_Staff!$A:$A,MATCH(M93,DB_Staff!$B:$B,0)),"")) | P93: =IF(O93="","",IFERROR(INDEX(DB_Staff!$A:$A,MATCH(O93,DB_Staff!$B:$B,0)),"")) | R93: =IF(Q93="","",IFERROR(INDEX(DB_Staff!$A:$A,MATCH(Q93,DB_Staff!$B:$B,0)),""))
A94: SLT-03 | B94: SLT | C94: 2 | D94: P1 | E94: SLT2203 | F94: Laboratory | G94: 2 | H94: 1 | I94: Face-to-face | J94: Computer Lab | K94: CHIA SOOK HAN PETRINA | L94: =IF(K94="","",IFERROR(INDEX(DB_Staff!$A:$A,MATCH(K94,DB_Staff!$B:$B,0)),"")) -> H52133 | M94: CHIA WEI MING | N94: =IF(M94="","",IFERROR(INDEX(DB_Staff!$A:$A,MATCH(M94,DB_Staff!$B:$B,0)),"")) -> A100926 | O94: CHIA WEI TSAU | P94: =IF(O94="","",IFERROR(INDEX(DB_Staff!$A:$A,MATCH(O94,DB_Staff!$B:$B,0)),"")) -> H51383 | R94: =IF(Q94="","",IFERROR(INDEX(DB_Staff!$A:$A,MATCH(Q94,DB_Staff!$B:$B,0)),""))
A95: SLT-04 | B95: SLT | C95: 2 | D95: P2 | E95: SLT2204 | F95: Workshop | G95: 1 | H95: 2 | I95: Hybrid | J95: Seminar Room | K95: CHIA YEW WOON | L95: =IF(K95="","",IFERROR(INDEX(DB_Staff!$A:$A,MATCH(K95,DB_Staff!$B:$B,0)),"")) -> H51420 | N95: =IF(M95="","",IFERROR(INDEX(DB_Staff!$A:$A,MATCH(M95,DB_Staff!$B:$B,0)),"")) | P95: =IF(O95="","",IFERROR(INDEX(DB_Staff!$A:$A,MATCH(O95,DB_Staff!$B:$B,0)),"")) | R95: =IF(Q95="","",IFERROR(INDEX(DB_Staff!$A:$A,MATCH(Q95,DB_Staff!$B:$B,0)),""))
A96: SLT-05 | B96: SLT | C96: 3 | D96: P1 | E96: SLT3202 | F96: Online | G96: 1 | H96: 1 | I96: Online | J96: Virtual | K96: CHIEN SZU-CHENG | L96: =IF(K96="","",IFERROR(INDEX(DB_Staff!$A:$A,MATCH(K96,DB_Staff!$B:$B,0)),"")) -> A100837 | N96: =IF(M96="","",IFERROR(INDEX(DB_Staff!$A:$A,MATCH(M96,DB_Staff!$B:$B,0)),"")) | P96: =IF(O96="","",IFERROR(INDEX(DB_Staff!$A:$A,MATCH(O96,DB_Staff!$B:$B,0)),"")) | R96: =IF(Q96="","",IFERROR(INDEX(DB_Staff!$A:$A,MATCH(Q96,DB_Staff!$B:$B,0)),""))
A97: TCE-01 | B97: TCE | C97: 1 | D97: P1 | E97: TCE1043 | F97: Lecture | G97: 2 | H97: 1 | I97: Face-to-face | J97: Lectorial | K97: CHIEW SING PING | L97: =IF(K97="","",IFERROR(INDEX(DB_Staff!$A:$A,MATCH(K97,DB_Staff!$B:$B,0)),"")) -> A88497 | M97: CHIEW TUAN KIANG | N97: =IF(M97="","",IFERROR(INDEX(DB_Staff!$A:$A,MATCH(M97,DB_Staff!$B:$B,0)),"")) -> H51953 | P97: =IF(O97="","",IFERROR(INDEX(DB_Staff!$A:$A,MATCH(O97,DB_Staff!$B:$B,0)),"")) | R97: =IF(Q97="","",IFERROR(INDEX(DB_Staff!$A:$A,MATCH(Q97,DB_Staff!$B:$B,0)),""))
A98: TCE-02 | B98: TCE | C98: 1 | D98: P1 | E98: TCE1048 | F98: Tutorial | G98: 2 | H98: 1 | I98: Face-to-face | J98: Seminar Room | K98: CHIN JEN CHYI | L98: =IF(K98="","",IFERROR(INDEX(DB_Staff!$A:$A,MATCH(K98,DB_Staff!$B:$B,0)),"")) -> H51201 | N98: =IF(M98="","",IFERROR(INDEX(DB_Staff!$A:$A,MATCH(M98,DB_Staff!$B:$B,0)),"")) | P98: =IF(O98="","",IFERROR(INDEX(DB_Staff!$A:$A,MATCH(O98,DB_Staff!$B:$B,0)),"")) | R98: =IF(Q98="","",IFERROR(INDEX(DB_Staff!$A:$A,MATCH(Q98,DB_Staff!$B:$B,0)),""))
A99: TCE-03 | B99: TCE | C99: 1 | D99: P2 | E99: TCE1049 | F99: Laboratory | G99: 2 | H99: 1 | I99: Face-to-face | J99: Computer Lab | K99: CHIN SOO FUN | L99: =IF(K99="","",IFERROR(INDEX(DB_Staff!$A:$A,MATCH(K99,DB_Staff!$B:$B,0)),"")) -> H51960 | M99: CHING YOU YI | N99: =IF(M99="","",IFERROR(INDEX(DB_Staff!$A:$A,MATCH(M99,DB_Staff!$B:$B,0)),"")) -> H52348 | O99: CHINTHA BULLIPE REDDY | P99: =IF(O99="","",IFERROR(INDEX(DB_Staff!$A:$A,MATCH(O99,DB_Staff!$B:$B,0)),"")) -> A103836 | R99: =IF(Q99="","",IFERROR(INDEX(DB_Staff!$A:$A,MATCH(Q99,DB_Staff!$B:$B,0)),""))
A100: TCE-04 | B100: TCE | C100: 2 | D100: P1 | E100: TCE2025 | F100: Workshop | G100: 1 | H100: 2 | I100: Hybrid | J100: Seminar Room | K100: CHIONH WOEI SENG | L100: =IF(K100="","",IFERROR(INDEX(DB_Staff!$A:$A,MATCH(K100,DB_Staff!$B:$B,0)),"")) -> H50409 | N100: =IF(M100="","",IFERROR(INDEX(DB_Staff!$A:$A,MATCH(M100,DB_Staff!$B:$B,0)),"")) | P100: =IF(O100="","",IFERROR(INDEX(DB_Staff!$A:$A,MATCH(O100,DB_Staff!$B:$B,0)),"")) | R100: =IF(Q100="","",IFERROR(INDEX(DB_Staff!$A:$A,MATCH(Q100,DB_Staff!$B:$B,0)),""))
...

Sheet Remarks_(optional)
A1: Requirement ID | B1: Start Week | C1: End Week | D1: Week Pattern | E1: Custom Weeks | F1: Preferred Days | G1: Avoid Days | H1: Fixed Day | I1: Fixed Start Time | J1: Fixed End Time | K1: Remarks
A2: AAI-01 | B2: 1 | C2: 13 | D2: Weekly | F2: Tuesday,Thursday | H2: Monday | I2: 09:00 | J2: 11:00 | K2: Large cohort anchor lecture.
A3: AAI-02 | B3: 1 | C3: 13 | D3: Odd | F3: Tuesday,Thursday | G3: Friday | K3: Tutorial split; suitable for repeated group scheduling.
A4: AAI-03 | B4: 1 | C4: 13 | D4: Custom | E4: 3,6,9,12 | F4: Tuesday,Thursday | G4: Friday | K4: Custom teaching weeks for lab rotations.
A5: AAI-04 | B5: 1 | C5: 13 | D5: Weekly | F5: Tuesday,Thursday | K5: Two workshop meetings per week request.
A6: AAI-05 | B6: 1 | C6: 13 | D6: Weekly | F6: Monday,Tuesday | K6: Online asynchronous/synchronous component.
A7: ACC-01 | B7: 1 | C7: 13 | D7: Weekly | F7: Tuesday,Thursday | H7: Tuesday | I7: 10:00 | J7: 12:00 | K7: Large cohort anchor lecture.
A8: ACC-02 | B8: 1 | C8: 13 | D8: Even | F8: Tuesday,Thursday | G8: Friday | K8: Tutorial split; suitable for repeated group scheduling.
A9: ACC-03 | B9: 1 | C9: 13 | D9: Custom | E9: 3,6,9,12 | F9: Tuesday,Thursday | G9: Friday | K9: Custom teaching weeks for lab rotations.
A10: ACC-04 | B10: 1 | C10: 13 | D10: Weekly | F10: Tuesday,Thursday | K10: Two workshop meetings per week request.
A11: ACC-05 | B11: 1 | C11: 13 | D11: Weekly | F11: Monday,Tuesday | K11: Online asynchronous/synchronous component.
A12: ASE-01 | B12: 1 | C12: 13 | D12: Weekly | F12: Tuesday,Thursday | H12: Wednesday | I12: 11:00 | J12: 13:00 | K12: Large cohort anchor lecture.
A13: ASE-02 | B13: 1 | C13: 13 | D13: Even | F13: Tuesday,Thursday | G13: Friday | K13: Tutorial split; suitable for repeated group scheduling.
A14: ASE-03 | B14: 1 | C14: 13 | D14: Custom | E14: 3,6,9,12 | F14: Tuesday,Thursday | G14: Friday | K14: Custom teaching weeks for lab rotations.
A15: ASE-04 | B15: 1 | C15: 13 | D15: Weekly | F15: Tuesday,Thursday | K15: Two workshop meetings per week request.
A16: ASE-05 | B16: 1 | C16: 13 | D16: Weekly | F16: Monday,Tuesday | K16: Online asynchronous/synchronous component.
A17: ATM-01 | B17: 1 | C17: 13 | D17: Weekly | F17: Tuesday,Thursday | H17: Thursday | I17: 13:00 | J17: 15:00 | K17: Large cohort anchor lecture.
A18: ATM-02 | B18: 1 | C18: 13 | D18: Even | F18: Tuesday,Thursday | G18: Friday | K18: Tutorial split; suitable for repeated group scheduling.
A19: ATM-03 | B19: 1 | C19: 13 | D19: Custom | E19: 3,6,9,12 | F19: Tuesday,Thursday | G19: Friday | K19: Custom teaching weeks for lab rotations.
A20: ATM-04 | B20: 1 | C20: 13 | D20: Weekly | F20: Tuesday,Thursday | K20: Two workshop meetings per week request.
A21: ATM-05 | B21: 1 | C21: 13 | D21: Weekly | F21: Monday,Tuesday | K21: Online asynchronous/synchronous component.
A22: BAC-01 | B22: 1 | C22: 13 | D22: Weekly | F22: Tuesday,Thursday | H22: Friday | I22: 14:00 | J22: 16:00 | K22: Large cohort anchor lecture.
A23: BAC-02 | B23: 1 | C23: 13 | D23: Odd | F23: Tuesday,Thursday | G23: Friday | K23: Tutorial split; suitable for repeated group scheduling.
A24: BAC-03 | B24: 1 | C24: 13 | D24: Custom | E24: 3,6,9,12 | F24: Tuesday,Thursday | G24: Friday | K24: Custom teaching weeks for lab rotations.
A25: BAC-04 | B25: 1 | C25: 13 | D25: Weekly | F25: Tuesday,Thursday | K25: Two workshop meetings per week request.
A26: BAC-05 | B26: 1 | C26: 13 | D26: Weekly | F26: Monday,Tuesday | K26: Online asynchronous/synchronous component.
A27: CEG-01 | B27: 1 | C27: 13 | D27: Weekly | F27: Tuesday,Thursday | H27: Monday | I27: 09:00 | J27: 11:00 | K27: Large cohort anchor lecture.
A28: CEG-02 | B28: 1 | C28: 13 | D28: Even | F28: Tuesday,Thursday | G28: Friday | K28: Tutorial split; suitable for repeated group scheduling.
A29: CEG-03 | B29: 1 | C29: 13 | D29: Custom | E29: 3,6,9,12 | F29: Tuesday,Thursday | G29: Friday | K29: Custom teaching weeks for lab rotations.
A30: CEG-04 | B30: 1 | C30: 13 | D30: Weekly | F30: Tuesday,Thursday | K30: Two workshop meetings per week request.
A31: CEG-05 | B31: 1 | C31: 13 | D31: Weekly | F31: Monday,Tuesday | K31: Online asynchronous/synchronous component.
A32: CVE-01 | B32: 1 | C32: 13 | D32: Weekly | F32: Tuesday,Thursday | H32: Tuesday | I32: 10:00 | J32: 12:00 | K32: Large cohort anchor lecture.
A33: CVE-02 | B33: 1 | C33: 13 | D33: Even | F33: Tuesday,Thursday | G33: Friday | K33: Tutorial split; suitable for repeated group scheduling.
A34: CVE-03 | B34: 1 | C34: 13 | D34: Custom | E34: 3,6,9,12 | F34: Tuesday,Thursday | G34: Friday | K34: Custom teaching weeks for lab rotations.
A35: CVE-04 | B35: 1 | C35: 13 | D35: Weekly | F35: Tuesday,Thursday | K35: Two workshop meetings per week request.
A36: CVE-05 | B36: 1 | C36: 13 | D36: Weekly | F36: Monday,Tuesday | K36: Online asynchronous/synchronous component.
A37: DSC-01 | B37: 1 | C37: 13 | D37: Weekly | F37: Tuesday,Thursday | H37: Wednesday | I37: 11:00 | J37: 13:00 | K37: Large cohort anchor lecture.
A38: DSC-02 | B38: 1 | C38: 13 | D38: Even | F38: Tuesday,Thursday | G38: Friday | K38: Tutorial split; suitable for repeated group scheduling.
A39: DSC-03 | B39: 1 | C39: 13 | D39: Custom | E39: 3,6,9,12 | F39: Tuesday,Thursday | G39: Friday | K39: Custom teaching weeks for lab rotations.
A40: DSC-04 | B40: 1 | C40: 13 | D40: Weekly | F40: Tuesday,Thursday | K40: Two workshop meetings per week request.
A41: DSC-05 | B41: 1 | C41: 13 | D41: Weekly | F41: Monday,Tuesday | K41: Online asynchronous/synchronous component.
A42: EDE-01 | B42: 1 | C42: 13 | D42: Weekly | F42: Tuesday,Thursday | H42: Thursday | I42: 13:00 | J42: 15:00 | K42: Large cohort anchor lecture.
A43: EDE-02 | B43: 1 | C43: 13 | D43: Odd | F43: Tuesday,Thursday | G43: Friday | K43: Tutorial split; suitable for repeated group scheduling.
A44: EDE-03 | B44: 1 | C44: 13 | D44: Custom | E44: 3,6,9,12 | F44: Tuesday,Thursday | G44: Friday | K44: Custom teaching weeks for lab rotations.
A45: EDE-04 | B45: 1 | C45: 13 | D45: Weekly | F45: Tuesday,Thursday | K45: Two workshop meetings per week request.
A46: EDE-05 | B46: 1 | C46: 13 | D46: Weekly | F46: Monday,Tuesday | K46: Online asynchronous/synchronous component.
A47: EEE-01 | B47: 1 | C47: 13 | D47: Weekly | F47: Tuesday,Thursday | H47: Friday | I47: 14:00 | J47: 16:00 | K47: Large cohort anchor lecture.
A48: EEE-02 | B48: 1 | C48: 13 | D48: Even | F48: Tuesday,Thursday | G48: Friday | K48: Tutorial split; suitable for repeated group scheduling.
A49: EEE-03 | B49: 1 | C49: 13 | D49: Custom | E49: 3,6,9,12 | F49: Tuesday,Thursday | G49: Friday | K49: Custom teaching weeks for lab rotations.
A50: EEE-04 | B50: 1 | C50: 13 | D50: Weekly | F50: Tuesday,Thursday | K50: Two workshop meetings per week request.
A51: EEE-05 | B51: 1 | C51: 13 | D51: Weekly | F51: Monday,Tuesday | K51: Online asynchronous/synchronous component.
A52: EPE-01 | B52: 1 | C52: 13 | D52: Weekly | F52: Tuesday,Thursday | H52: Monday | I52: 09:00 | J52: 11:00 | K52: Large cohort anchor lecture.
A53: EPE-02 | B53: 1 | C53: 13 | D53: Even | F53: Tuesday,Thursday | G53: Friday | K53: Tutorial split; suitable for repeated group scheduling.
A54: EPE-03 | B54: 1 | C54: 13 | D54: Custom | E54: 3,6,9,12 | F54: Tuesday,Thursday | G54: Friday | K54: Custom teaching weeks for lab rotations.
A55: EPE-04 | B55: 1 | C55: 13 | D55: Weekly | F55: Tuesday,Thursday | K55: Two workshop meetings per week request.
A56: EPE-05 | B56: 1 | C56: 13 | D56: Weekly | F56: Monday,Tuesday | K56: Online asynchronous/synchronous component.
A57: ESE-01 | B57: 1 | C57: 13 | D57: Weekly | F57: Tuesday,Thursday | H57: Tuesday | I57: 10:00 | J57: 12:00 | K57: Large cohort anchor lecture.
A58: ESE-02 | B58: 1 | C58: 13 | D58: Even | F58: Tuesday,Thursday | G58: Friday | K58: Tutorial split; suitable for repeated group scheduling.
A59: ESE-03 | B59: 1 | C59: 13 | D59: Custom | E59: 3,6,9,12 | F59: Tuesday,Thursday | G59: Friday | K59: Custom teaching weeks for lab rotations.
A60: ESE-04 | B60: 1 | C60: 13 | D60: Weekly | F60: Tuesday,Thursday | K60: Two workshop meetings per week request.
A61: ESE-05 | B61: 1 | C61: 13 | D61: Weekly | F61: Monday,Tuesday | K61: Online asynchronous/synchronous component.
A62: FDT-01 | B62: 1 | C62: 13 | D62: Weekly | F62: Tuesday,Thursday | H62: Wednesday | I62: 11:00 | J62: 13:00 | K62: Large cohort anchor lecture.
A63: FDT-02 | B63: 1 | C63: 13 | D63: Odd | F63: Tuesday,Thursday | G63: Friday | K63: Tutorial split; suitable for repeated group scheduling.
A64: FDT-03 | B64: 1 | C64: 13 | D64: Custom | E64: 3,6,9,12 | F64: Tuesday,Thursday | G64: Friday | K64: Custom teaching weeks for lab rotations.
A65: FDT-04 | B65: 1 | C65: 13 | D65: Weekly | F65: Tuesday,Thursday | K65: Two workshop meetings per week request.
A66: FDT-05 | B66: 1 | C66: 13 | D66: Weekly | F66: Monday,Tuesday | K66: Online asynchronous/synchronous component.
A67: ICT-01 | B67: 1 | C67: 13 | D67: Weekly | F67: Tuesday,Thursday | H67: Thursday | I67: 13:00 | J67: 15:00 | K67: Large cohort anchor lecture.
A68: ICT-02 | B68: 1 | C68: 13 | D68: Even | F68: Tuesday,Thursday | G68: Friday | K68: Tutorial split; suitable for repeated group scheduling.
A69: ICT-03 | B69: 1 | C69: 13 | D69: Custom | E69: 3,6,9,12 | F69: Tuesday,Thursday | G69: Friday | K69: Custom teaching weeks for lab rotations.
A70: ICT-04 | B70: 1 | C70: 13 | D70: Weekly | F70: Tuesday,Thursday | K70: Two workshop meetings per week request.
A71: ICT-05 | B71: 1 | C71: 13 | D71: Weekly | F71: Monday,Tuesday | K71: Online asynchronous/synchronous component.
A72: MEC-01 | B72: 1 | C72: 13 | D72: Weekly | F72: Tuesday,Thursday | H72: Friday | I72: 14:00 | J72: 16:00 | K72: Large cohort anchor lecture.
A73: MEC-02 | B73: 1 | C73: 13 | D73: Even | F73: Tuesday,Thursday | G73: Friday | K73: Tutorial split; suitable for repeated group scheduling.
A74: MEC-03 | B74: 1 | C74: 13 | D74: Custom | E74: 3,6,9,12 | F74: Tuesday,Thursday | G74: Friday | K74: Custom teaching weeks for lab rotations.
A75: MEC-04 | B75: 1 | C75: 13 | D75: Weekly | F75: Tuesday,Thursday | K75: Two workshop meetings per week request.
A76: MEC-05 | B76: 1 | C76: 13 | D76: Weekly | F76: Monday,Tuesday | K76: Online asynchronous/synchronous component.
A77: NUR-01 | B77: 1 | C77: 13 | D77: Weekly | F77: Tuesday,Thursday | H77: Monday | I77: 09:00 | J77: 11:00 | K77: Large cohort anchor lecture.
A78: NUR-02 | B78: 1 | C78: 13 | D78: Even | F78: Tuesday,Thursday | G78: Friday | K78: Tutorial split; suitable for repeated group scheduling.
A79: NUR-03 | B79: 1 | C79: 13 | D79: Custom | E79: 3,6,9,12 | F79: Tuesday,Thursday | G79: Friday | K79: Custom teaching weeks for lab rotations.
A80: NUR-04 | B80: 1 | C80: 13 | D80: Weekly | F80: Tuesday,Thursday | K80: Two workshop meetings per week request.
A81: NUR-05 | B81: 1 | C81: 13 | D81: Weekly | F81: Monday,Tuesday | K81: Online asynchronous/synchronous component.
A82: RSE-01 | B82: 1 | C82: 13 | D82: Weekly | F82: Tuesday,Thursday | H82: Tuesday | I82: 10:00 | J82: 12:00 | K82: Large cohort anchor lecture.
A83: RSE-02 | B83: 1 | C83: 13 | D83: Odd | F83: Tuesday,Thursday | G83: Friday | K83: Tutorial split; suitable for repeated group scheduling.
A84: RSE-03 | B84: 1 | C84: 13 | D84: Custom | E84: 3,6,9,12 | F84: Tuesday,Thursday | G84: Friday | K84: Custom teaching weeks for lab rotations.
A85: RSE-04 | B85: 1 | C85: 13 | D85: Weekly | F85: Tuesday,Thursday | K85: Two workshop meetings per week request.
A86: RSE-05 | B86: 1 | C86: 13 | D86: Weekly | F86: Monday,Tuesday | K86: Online asynchronous/synchronous component.
A87: SBE-01 | B87: 1 | C87: 13 | D87: Weekly | F87: Tuesday,Thursday | H87: Wednesday | I87: 11:00 | J87: 13:00 | K87: Large cohort anchor lecture.
A88: SBE-02 | B88: 1 | C88: 13 | D88: Even | F88: Tuesday,Thursday | G88: Friday | K88: Tutorial split; suitable for repeated group scheduling.
A89: SBE-03 | B89: 1 | C89: 13 | D89: Custom | E89: 3,6,9,12 | F89: Tuesday,Thursday | G89: Friday | K89: Custom teaching weeks for lab rotations.
A90: SBE-04 | B90: 1 | C90: 13 | D90: Weekly | F90: Tuesday,Thursday | K90: Two workshop meetings per week request.
A91: SBE-05 | B91: 1 | C91: 13 | D91: Weekly | F91: Monday,Tuesday | K91: Online asynchronous/synchronous component.
A92: SLT-01 | B92: 1 | C92: 13 | D92: Weekly | F92: Tuesday,Thursday | H92: Thursday | I92: 13:00 | J92: 15:00 | K92: Large cohort anchor lecture.
A93: SLT-02 | B93: 1 | C93: 13 | D93: Even | F93: Tuesday,Thursday | G93: Friday | K93: Tutorial split; suitable for repeated group scheduling.
A94: SLT-03 | B94: 1 | C94: 13 | D94: Custom | E94: 3,6,9,12 | F94: Tuesday,Thursday | G94: Friday | K94: Custom teaching weeks for lab rotations.
A95: SLT-04 | B95: 1 | C95: 13 | D95: Weekly | F95: Tuesday,Thursday | K95: Two workshop meetings per week request.
A96: SLT-05 | B96: 1 | C96: 13 | D96: Weekly | F96: Monday,Tuesday | K96: Online asynchronous/synchronous component.
A97: TCE-01 | B97: 1 | C97: 13 | D97: Weekly | F97: Tuesday,Thursday | H97: Friday | I97: 14:00 | J97: 16:00 | K97: Large cohort anchor lecture.
A98: TCE-02 | B98: 1 | C98: 13 | D98: Even | F98: Tuesday,Thursday | G98: Friday | K98: Tutorial split; suitable for repeated group scheduling.
A99: TCE-03 | B99: 1 | C99: 13 | D99: Custom | E99: 3,6,9,12 | F99: Tuesday,Thursday | G99: Friday | K99: Custom teaching weeks for lab rotations.
A100: TCE-04 | B100: 1 | C100: 13 | D100: Weekly | F100: Tuesday,Thursday | K100: Two workshop meetings per week request.
...

Sheet DB_Staff
A1: staff_id | B1: staff_name
A2: G22207 | B2: AARON TAN
A3: H50949 | B3: AARON YEO SULUN
A4: H50641 | B4: ABDUL HAMID BIN ABDULLAH
A5: H52030 | B5: ABDUL JABBAR ABDULLAH
A6: G22059 | B6: ABEL TAN
A7: G22353 | B7: ABI SAN
A8: A101849 | B8: ABID ALI
A9: H51758 | B9: ABIGAIL ELIZABETH ROCHE
A10: A103173 | B10: ABROL AKSHITA
A11: A101516 | B11: ADRIEL YEO CI LIN
A12: A101170 | B12: AFIDA BINTE ABDUL RAHIM
... A74: H52219 | B74: ANG YOU LING
B75: ANG YUN MEI
A76: A101642 | B76: ANG YUN MEI, ELISA
A77: G15808 | B77: ANGELA CHONG
A78: A102296 | B78: ANGELA GOH TSE MIN
A79: H52004 | B79: ANGELIA TEO KWEE GAIK
A80: H51918 | B80: ANGELINE WONG PEI SZE
A81: H52313 | B81: ANITA KRISHNAN-SHANKAR
A82: G22186 | B82: ANKESH JAIN
A83: G22067 | B83: ANN MONAGHAN
A84: H52321 | B84: ANNA JANINA BRDULAK
A85: G22303 | B85: ANNA KONOPKA
A86: G22336 | B86: ANNALENA DANIELS
A87: G22224 | B87: ANNE NIEDERDRANK
... A102: H50262 | B102: AU YOKE MAY
B103: AUDREY ANG SIEW LIN
A104: A100300 | B104: AUDREY JOHN BENEDICT
A105: H51793 | B105: AUDREY LEE JIA YI
A106: A88280 | B106: AVNIT KARIN
B107: AW KOK SENG
A108: A102669 | B108: AW KOK SENG (HU GUOCHENG)
A109: H52300 | B109: AW KUAN THAI
A110: H50565 | B110: AW MEIFANG SHELEEN
A111: A101565 | B111: AWAD AWAD MOHAMED KHIRELDIN
A112: A102350 | B112: AYYALUSAMY VIJAYAKUMAR
A113: H51896 | B113: AZHAR BIN ABDUL SALAM
A114: H50608 | B114: AZIZAH BINTE MOHAMED AFIF
A115: A101489 | B115: AZZALIA BINTE ABU
A116: G22287 | B116: BALA SUBRAMANIAM MAHARANI
A117: A103829 | B117: BALAPANURU JANARDHAN
A118: H52022 | B118: BALWANT SINGH
A119: H51947 | B119: BANAGUAS GLENN SUERTE FELIPE
... A455: G21043 | B455: ELIE HOSRY
B456: ELISA
A457: H52315 | B457: ELISABETH ANGELINA
A458: G22056 | B458: ELIZABETH CULLETON QUINN
A459: G13050 | B459: ELIZABETH KOLP
A460: H50562 | B460: ELIZABETH ONG
A461: G22216 | B461: ELSON NG WEI YANG
A462: H51491 | B462: EMELINE COLSON
A463: G22070 | B463: EMER GUINAN
A464: G22323 | B464: EMMA HENDERSON
A465: G19012 | B465: EMMA STOKES
A466: G22025 | B466: EMMA STOKES
A467: G22250 | B467: EMNA BEN YACOUB
A468: H50403 | B468: ENG CHUI LEE
... A526: H51380 | B526: FRANCIS HO CHO HAO
B527: FRANCIS NG
A528: H50808 | B528: FRANCIS VOON CHEE TET
A529: G22099 | B529: FRANZ HAGN
A530: G22052 | B530: FRITZ KUEHN
A531: H51549 | B531: FU SIANG PIN JUSTIN
A532: H51563 | B532: FU SUI TUEN
A533: H51548 | B533: FUJIYAMA MAMIKO
A534: H50522 | B534: FUNG CHEUNG KAM SEE
A535: A88417 | B535: FUNG HO KI
B536: Fadeyi Moshood Olawale
A537: H50445 | B537: GABRIEL LOH GENGWEI
A538: G13017 | B538: GABRIELE SCHRAG
A539: H51996 | B539: GALYNA KOGUT
A540: A103433 | B540: GAN CHEE YONG
A541: A88255 | B541: GAN HIONG YAP
A542: H51459 | B542: GAN HUI HUI
A543: G21119 | B543: GAN LIAN CHAI
A544: H51145 | B544: GAN SIONG JIN, JULIAN
A545: A103737 | B545: GAN SU-SHAN TESSA
A546: H51346 | B546: GAN SUJIA
A547: A103769 | B547: GANGADHARAN KUTTERI SAGILA
A548: A101050 | B548: GAO FEI
... A671: G21135 | B671: HOWARD SIN
B672: HOWARD TANG
A673: H51640 | B673: HOZAIDAH BINTE HOSAIN
A674: H51864 | B674: HSING YA TING
A675: H52248 | B675: HU BIAO
A676: A103560 | B676: HU CHENGCHENG
A677: H50528 | B677: HU TOH WHYE GEORGE
A678: H52394 | B678: HU WANTING
A679: H51708 | B679: HU ZHENYU
A680: A103379 | B680: HUA GUANG
A681: H50404 | B681: HUANG FANG
A682: A102576 | B682: HUANG HUI
A683: H51500 | B683: HUANG LIYAN
A684: A102974 | B684: HUANG SHILIN, KATHERIN
... A806: G22178 | B806: JOSEPH MAGUIRE
B807: JOSHUA CHAN TZE JIN
A808: H51877 | B808: JOSIAH KOH GENG XIANG
A809: G13062 | B809: JOSICA LIM
A810: H50676 | B810: JOYCELYN NEO SHI LING
...

Sheet DB_Programme
A1: code | B1: name | C1: years
A2: AAI | B2: Applied Artificial Intelligence | C2: 3
A3: ACC | B3: Accountancy | C3: 3
A4: ASE | B4: Aircraft Systems Engineering | C4: 3
A5: ATM | B5: Aviation Management | C5: 3
A6: BAC | B6: Applied Computing / Applied Computing (Fintech) | C6: 3
A7: BICT | B7: Business and Infocomm Technology | C7: 4
A8: CDM | B8: Communication and Digital Media | C8: 3
A9: CEG | B9: Computer Engineering | C9: 3
A10: CVE | B10: Civil Engineering | C10: 4
A11: DSC | B11: Digital Supply Chain | C11: 3
A12: EDE | B12: Electronics and Data Engineering | C12: 4
A13: EEE | B13: Electrical and Electronic Engineering | C13: 4
... A28: TCE | B28: Chemical Engineering - likely TUM Chemical Engineering prefix | C28: 4

Sheet DB_Modules
A1: module_code
A2: AAI1001
A3: AAI2002
A4: AAI3008
A5: AAI4001
A6: AAI4002A
A7: AAI4002B
A8: ACC1023
A9: ACC1024
A10: ACC1025
A11: ACC1026
A12: ACC3001A
... A557: UXG4990

Sheet DB_Options
A1: class_type | B1: delivery_mode | C1: venue_type | D1: group_code | E1: year
A2: Lecture | B2: Face-to-face | C2: Lectorial | D2: P1 | E2: 1
A3: Tutorial | B3: Hybrid | C3: Seminar Room | D3: P2 | E3: 2
A4: Laboratory | B4: Online | C4: Computer Lab | D4: P3 | E4: 3
A5: Workshop | C5: Virtual | D5: P4 | E5: 4
A6: Online | D6: P5
A7: Quiz
